★,Category,Subcategory,,First author,Country,Year,Journal,Title,Study type,Notes,Type / polarity,Anode site,Cathode / ref site,Current (mA),Electrode size (cm²),Current density (mA/cm²),t / min,N sessions,Results:  positive ☺ / modest ☺ / null ☹  ↑ ↓ →  (conclusions),Link,Additional info,Comment,Reply,Additional info (2)
★,Physiology / mechanism,Foundational,,Nitsche & Paulus,Germany,2000,J Physiol,Excitability changes in human motor cortex from weak DC stimulation,"Healthy, sham-ctrl","Seminal: anodal=excitation, cathodal=inhibition",Anodal & cathodal,M1 (C3/C4),Contralateral supraorbital,1,35,0.029,≤5,1,☺ Anodal ↑ / cathodal ↓ MEP up to 40%; outlasts stim,https://pubmed.ncbi.nlm.nih.gov/?term=Nitsche%20%26%20Paulus%202000%20tDCS,"VERIFIED (PMC2270099): 35 cm², 0.2–1.0 mA, ≤5 min, M1 / contralateral orbit",,,
★,Physiology / mechanism,After-effects,,Nitsche & Paulus,Germany,2001,Neurology,Sustained excitability elevations from tDCS of motor cortex,Healthy,Longer stim → longer after-effect,Anodal,M1 (C3/C4),Contralateral supraorbital,1,35,0.029,5–13,1,☺ After-effects up to ~90 min,https://pubmed.ncbi.nlm.nih.gov/?term=Nitsche%20%26%20Paulus%202001%20tDCS,"UNVERIFIED — Neurology full text not openly accessible to automated fetch (paywalled/blocked); protocol values are as-reported/standard, NOT PDF-confirmed",,,
,Physiology / mechanism,Neurochemistry,,Stagg,UK,2009,J Neurosci,Polarity-sensitive modulation of cortical neurotransmitters by tDCS (MRS),"Healthy, crossover","Anodal ↓GABA, cathodal ↓glutamate",Anodal & cathodal,M1 (C3),Contralateral supraorbital,1,35,0.029,10,1,☺ Neurochemical changes matched excitability direction,https://pubmed.ncbi.nlm.nih.gov/?term=Stagg%202009%20tDCS,"UNVERIFIED — J Neurosci full text not openly accessible to automated fetch (paywalled/blocked); protocol values are as-reported/standard, NOT PDF-confirmed",,,
,Physiology / mechanism,Dose non-linearity,,Batsikadze,Germany,2013,J Physiol,2 mA cathodal tDCS reverses to excitation,Healthy,Intensity non-linearity of cathodal effects,Cathodal,M1 (C3/C4),Contralateral supraorbital,2,35,0.057,20,1,☹/☺ 2 mA cathodal ↑ (not ↓) excitability — dose non-linear,https://pubmed.ncbi.nlm.nih.gov/?term=Batsikadze%202013%20tDCS,"UNVERIFIED — J Physiol full text not openly accessible to automated fetch (paywalled/blocked); protocol values are as-reported/standard, NOT PDF-confirmed",,,
,Physiology / mechanism,Repeated dosing,,Monte-Silva,Germany,2013,Brain Stimul,Timing of repeated tDCS gates LTP-like plasticity,Healthy,Second stim within interval → prolonged effect,Anodal,M1 (C3/C4),Contralateral supraorbital,1,35,0.029,13,1,☺ Repeated anodal within interval prolongs facilitation,https://pubmed.ncbi.nlm.nih.gov/?term=Monte-Silva%202013%20tDCS,"UNVERIFIED — Brain Stimul full text not openly accessible to automated fetch (paywalled/blocked); protocol values are as-reported/standard, NOT PDF-confirmed",,,
,Physiology / mechanism,Visual cortex,,Antal,Germany,2004,J Cogn Neurosci,tDCS of visual cortex modulates phosphene & contrast perception,Healthy,V1 excitability,Anodal & cathodal,Oz (visual cortex),Cz (vertex),1,35,0.029,10,1,☺ Anodal ↑ / cathodal ↓ visual excitability,https://pubmed.ncbi.nlm.nih.gov/?term=Antal%202004%20tDCS,"UNVERIFIED — J Cogn Neurosci full text not openly accessible to automated fetch (paywalled/blocked); protocol values are as-reported/standard, NOT PDF-confirmed",,,
★,Motor learning (healthy),Consolidation,,Reis,USA,2009,PNAS,Anodal M1 tDCS boosts multi-day motor skill via consolidation,"Healthy, RCT",5-day sequential visuomotor learning,Anodal,M1 (C3/C4),Contralateral supraorbital,1,25,0.040,20,5,☺ ↑ skill acquisition via consolidation,https://pubmed.ncbi.nlm.nih.gov/?term=Reis%202009%20tDCS,"PARTIAL — PNAS paywalled; montage (M1/right supraorbital), 20 min, 5 sessions consistent w/ source; area 25 cm² & 1 mA NOT source-confirmed",,,
,Motor learning (healthy),Implicit learning,,Nitsche,Germany,2003,J Cogn Neurosci,Anodal tDCS of M1 facilitates implicit motor learning (SRTT),Healthy,Serial reaction-time task,Anodal,M1 (C3/C4),Contralateral supraorbital,1,35,0.029,15,1,☺ ↑ implicit sequence learning,https://pubmed.ncbi.nlm.nih.gov/?term=Nitsche%202003%20tDCS,"UNVERIFIED — J Cogn Neurosci full text not openly accessible to automated fetch (paywalled/blocked); protocol values are as-reported/standard, NOT PDF-confirmed",,,
,Motor learning (healthy),Visuomotor,,Antal,Germany,2004,Eur J Neurosci,tDCS facilitates visuo-motor coordination learning,Healthy,Tracking task,Anodal,M1 / V5,Contralateral supraorbital,1,35,0.029,10,1,☺ ↑ visuomotor learning,https://pubmed.ncbi.nlm.nih.gov/?term=Antal%202004%20tDCS,"UNVERIFIED — Eur J Neurosci full text not openly accessible to automated fetch (paywalled/blocked); protocol values are as-reported/standard, NOT PDF-confirmed",,,
,Motor learning (healthy),Bilateral,,Vines,USA,2008,BMC Neurosci,Dual-hemisphere tDCS enhances non-dominant hand motor function,Healthy,Bihemispheric > unihemispheric,Anodal+Cathodal (dual),Right M1 (anode),Left M1 (cathode),1,16,0.062,20,1,☺ Dual montage > single for motor gains,https://pubmed.ncbi.nlm.nih.gov/?term=Vines%202008%20tDCS,"UNVERIFIED — BMC Neurosci full text not openly accessible to automated fetch (paywalled/blocked); protocol values are as-reported/standard, NOT PDF-confirmed",,,
,Motor learning (healthy),Polarity/timing,,Stagg,UK,2011,Neuropsychologia,Polarity- and timing-dependent tDCS effects on motor learning,Healthy,Stimulation timing matters,Anodal & cathodal,M1 (C3),Contralateral supraorbital,1,35,0.029,10,1,☺ Anodal-during-task ↑ learning; timing critical,https://pubmed.ncbi.nlm.nih.gov/?term=Stagg%202011%20tDCS,"UNVERIFIED — Neuropsychologia full text not openly accessible to automated fetch (paywalled/blocked); protocol values are as-reported/standard, NOT PDF-confirmed",,,
★,Cognition (healthy),Working memory,,Fregni,USA / Brazil,2005,Exp Brain Res,Anodal DLPFC tDCS enhances working memory (3-back),"Healthy, crossover (n=15)",Online 3-back,Anodal,F3 (left DLPFC),Contralateral supraorbital,1,35,0.029,10,1,☺ ↑ WM accuracy vs cathodal/M1 controls,https://pubmed.ncbi.nlm.nih.gov/?term=Fregni%202005%20tDCS,UNVERIFIED — source not openly fetchable (retry),,,
,Cognition (healthy),Working memory,,Ohn,South Korea,2008,Neuroreport,Time-dependent working-memory enhancement by anodal DLPFC tDCS,"Healthy, crossover",Effect grows with time,Anodal,F3 (left DLPFC),Right supraorbital,1,35,0.029,30,1,☺ ↑ WM; time-dependent,https://pubmed.ncbi.nlm.nih.gov/?term=Ohn%202008%20tDCS,"UNVERIFIED — Neuroreport full text not openly accessible to automated fetch (paywalled/blocked); protocol values are as-reported/standard, NOT PDF-confirmed",,,
,Cognition (healthy),Working memory,,Andrews,Australia,2011,Brain Stimul,Anodal DLPFC tDCS + n-back improves digit-span WM,Healthy,tDCS during WM task,Anodal,F3 (left DLPFC),Right supraorbital,1,35,0.029,10,1,☺ ↑ WM when paired with task,https://pubmed.ncbi.nlm.nih.gov/?term=Andrews%202011%20tDCS,"UNVERIFIED — Brain Stimul full text not openly accessible to automated fetch (paywalled/blocked); protocol values are as-reported/standard, NOT PDF-confirmed",,,
,Cognition (healthy),Working memory,,Zaehle,Germany,2011,BMC Neurosci,Polarity-specific tDCS effects on WM and oscillations,Healthy,EEG oscillatory changes,Anodal & cathodal,F3 (left DLPFC),Right supraorbital,1,35,0.029,15,1,☺ Anodal ↑ / cathodal ↓ WM performance,https://pubmed.ncbi.nlm.nih.gov/?term=Zaehle%202011%20tDCS,"UNVERIFIED — BMC Neurosci full text not openly accessible to automated fetch (paywalled/blocked); protocol values are as-reported/standard, NOT PDF-confirmed",,,
,Cognition (healthy),Working memory,,Mulquiney,Australia,2011,Clin Neurophysiol,Anodal DLPFC tDCS and WM (Sternberg / n-back),Healthy,Modest effects,Anodal,F3 (left DLPFC),Right supraorbital,1,35,0.029,10,1,☺ (modest) ↑ speed on WM,https://pubmed.ncbi.nlm.nih.gov/?term=Mulquiney%202011%20tDCS,"UNVERIFIED — Clin Neurophysiol full text not openly accessible to automated fetch (paywalled/blocked); protocol values are as-reported/standard, NOT PDF-confirmed",,,
,Cognition (healthy),WM + fMRI,,Keeser,Germany,2011,J Neurosci,Prefrontal tDCS alters WM networks (fMRI),Healthy,Network-level changes,Anodal,F3 (left DLPFC),Right supraorbital,2,35,0.057,20,1,☺ ↑ WM; modulated DLPFC network,https://pubmed.ncbi.nlm.nih.gov/?term=Keeser%202011%20tDCS,"UNVERIFIED — J Neurosci full text not openly accessible to automated fetch (paywalled/blocked); protocol values are as-reported/standard, NOT PDF-confirmed",,,
,Cognition (healthy),Decision-making,,Fecteau,Canada / USA,2007,J Neurosci,Bilateral DLPFC tDCS reduces risk-taking,Healthy,Risk-taking (BART),Anodal R / cathodal L,Right DLPFC,Left DLPFC,2,35,0.057,15,1,☺ ↓ risky decision-making,https://pubmed.ncbi.nlm.nih.gov/?term=Fecteau%202007%20tDCS,"UNVERIFIED — J Neurosci full text not openly accessible to automated fetch (paywalled/blocked); protocol values are as-reported/standard, NOT PDF-confirmed",,,
,Cognition (healthy),Numerical cognition,,Cohen Kadosh,UK,2010,Curr Biol,Parietal tDCS modulates numerical learning,Healthy,"Right parietal, artificial numerals",Anodal & cathodal,Right parietal (P4),Left parietal,1,35,0.029,20,6,☺ ↑ automaticity of numerical learning,https://pubmed.ncbi.nlm.nih.gov/?term=Cohen%20Kadosh%202010%20tDCS,"UNVERIFIED — Curr Biol full text not openly accessible to automated fetch (paywalled/blocked); protocol values are as-reported/standard, NOT PDF-confirmed",,,
,Cognition (healthy),Language,,Floel,Germany,2008,J Cogn Neurosci,Anodal tDCS over Wernicke area speeds novel word learning,Healthy,Associative word learning,Anodal,Left temporoparietal (Wernicke),Right supraorbital,1,35,0.029,20,1,☺ ↑ novel word acquisition,https://pubmed.ncbi.nlm.nih.gov/?term=Floel%202008%20tDCS,"UNVERIFIED — J Cogn Neurosci full text not openly accessible to automated fetch (paywalled/blocked); protocol values are as-reported/standard, NOT PDF-confirmed",,,
,Cognition (healthy),Word retrieval,,Meinzer,Germany / Australia,2013,J Neurosci,Anodal IFG tDCS improves word retrieval in young & older adults,Healthy,fMRI; reverses age effect,Anodal,Left IFG,Right supraorbital,1,35,0.029,20,1,☺ ↑ word retrieval; normalizes ageing pattern,https://pubmed.ncbi.nlm.nih.gov/?term=Meinzer%202013%20tDCS,"UNVERIFIED — J Neurosci full text not openly accessible to automated fetch (paywalled/blocked); protocol values are as-reported/standard, NOT PDF-confirmed",,,
★,Depression,MDD RCT,,Boggio,Brazil,2008,Int J Neuropsychopharmacol,Anodal DLPFC tDCS for major depression (vs occipital vs sham),RCT (n=40),L-DLPFC vs occipital vs sham,Anodal,F3 (left DLPFC),Right supraorbital,2,35,0.057,20,10,☺ ↑ mood vs sham & occipital,https://pubmed.ncbi.nlm.nih.gov/?term=Boggio%202008%20tDCS,"VERIFIED (PMC3372849): 35 cm², 2 mA, 20 min, 10 sessions, F3 / right supraorbital",,,
,Depression,MDD pilot,,Fregni,Brazil,2006,Bipolar Disord,tDCS of prefrontal cortex for major depression (pilot),RCT pilot (n=10),Early sham-controlled,Anodal,F3 (left DLPFC),Right supraorbital,1,35,0.029,20,5,☺ (modest) ↑ mood vs sham,https://pubmed.ncbi.nlm.nih.gov/?term=Fregni%202006%20tDCS,"UNVERIFIED — Bipolar Disord full text not openly accessible to automated fetch (paywalled/blocked); protocol values are as-reported/standard, NOT PDF-confirmed",,,
,Depression,MDD crossover,,Loo,Australia,2010,Int J Neuropsychopharmacol,tDCS for depression: double-blind crossover trial,RCT crossover (n=40),10 sessions; limited acute effect,Anodal,F3 (left DLPFC),Lateral (F8 region),1,35,0.029,20,5,☹ No sig. difference vs sham in acute phase,https://pubmed.ncbi.nlm.nih.gov/?term=Loo%202010%20tDCS,"UNVERIFIED — Int J Neuropsychopharmacol full text not openly accessible to automated fetch (paywalled/blocked); protocol values are as-reported/standard, NOT PDF-confirmed",,,
,Depression,MDD RCT,,Loo,Australia,2012,Br J Psychiatry,3-week sham-controlled tDCS trial for depression,RCT (n=64),Effect grew with sessions,Anodal,F3 (left DLPFC),Lateral (F8 region),2,35,0.057,20,15,☺ (modest) ↑ mood in active phase,https://pubmed.ncbi.nlm.nih.gov/?term=Loo%202012%20tDCS,"UNVERIFIED — Br J Psychiatry full text not openly accessible to automated fetch (paywalled/blocked); protocol values are as-reported/standard, NOT PDF-confirmed",,,
,Depression,TRD RCT,,Palm,Germany,2012,Brain Stimul,tDCS in treatment-resistant depression (crossover),RCT crossover (n=22),Treatment-resistant,Anodal,F3 (left DLPFC),Right supraorbital,1,35,0.029,20,10,☹ No significant antidepressant effect,https://pubmed.ncbi.nlm.nih.gov/?term=Palm%202012%20tDCS,"UNVERIFIED — Brain Stimul full text not openly accessible to automated fetch (paywalled/blocked); protocol values are as-reported/standard, NOT PDF-confirmed",,,
,Depression,TRD RCT,,Blumberger,Canada,2012,Front Psychiatry,Sham-controlled tDCS for treatment-resistant MDD,RCT (n=24),"Bifrontal, treatment-resistant",Anodal,F3 (left DLPFC),F4 (right DLPFC),2,35,0.057,20,15,☹ No significant difference vs sham,https://pubmed.ncbi.nlm.nih.gov/?term=Blumberger%202012%20tDCS,"UNVERIFIED — Front Psychiatry full text not openly accessible to automated fetch (paywalled/blocked); protocol values are as-reported/standard, NOT PDF-confirmed",,,
,Depression,TRD RCT,,Bennabi,France,2015,World J Biol Psychiatry,Pilot tDCS in treatment-resistant depression,RCT (n=24),"2×/day, treatment-resistant",Anodal,F3 (left DLPFC),Right supraorbital,2,35,0.057,30,10,☹ No significant antidepressant effect,https://pubmed.ncbi.nlm.nih.gov/?term=Bennabi%202015%20tDCS,"UNVERIFIED — World J Biol Psychiatry full text not openly accessible to automated fetch (paywalled/blocked); protocol values are as-reported/standard, NOT PDF-confirmed",,,
★,Depression,Factorial RCT,,Brunoni,Brazil,2013,JAMA Psychiatry,Sertraline vs tDCS for depression (SELECT-TDCS),RCT 2×2 (n=120),tDCS + sertraline best,Anodal,F3 (left DLPFC),F4 (right DLPFC),2,25,0.080,30,10,☺ tDCS & sertraline > placebo; combo best,https://pubmed.ncbi.nlm.nih.gov/?term=Brunoni%202013%20tDCS,PARTIAL — Electrode area verified vs primary source; full protocol not full-text-verified (primary source paywalled),,,
★,Depression,Non-inferiority RCT,,Brunoni,Brazil,2017,N Engl J Med,tDCS vs escitalopram for depression (ELECT-TDCS),RCT (n=245),Not non-inferior to drug; adverse events,Anodal,F3 (left DLPFC),F4 (right DLPFC),2,25,0.080,30,22,☹/☺ tDCS > placebo but < escitalopram,https://pubmed.ncbi.nlm.nih.gov/?term=Brunoni%202017%20tDCS,PARTIAL — Electrode area verified vs primary source; full protocol not full-text-verified (primary source paywalled),,,
,Depression,International RCT,,Loo,Australia / intl,2018,Br J Psychiatry,International sham-controlled tDCS trial for depression,RCT (n=120),Larger multinational,Anodal,F3 (left DLPFC),F8 (right),2.5,35,0.071,30,20,☹ No significant benefit over sham,https://pubmed.ncbi.nlm.nih.gov/?term=Loo%202018%20tDCS,"UNVERIFIED — Br J Psychiatry full text not openly accessible to automated fetch (paywalled/blocked); protocol values are as-reported/standard, NOT PDF-confirmed",,,
,Depression,Bipolar depression,,Sampaio-Junior,Brazil,2018,JAMA Psychiatry,tDCS for bipolar depression (sham-controlled),RCT (n=59),Bipolar depression,Anodal,F3 (left DLPFC),F4 (right DLPFC),2,25,0.080,30,22,☺ ↑ response vs sham; no manic switch excess,https://pubmed.ncbi.nlm.nih.gov/?term=Sampaio-Junior%202018%20tDCS,"UNVERIFIED — JAMA Psychiatry full text not openly accessible to automated fetch (paywalled/blocked); protocol values are as-reported/standard, NOT PDF-confirmed",,,
,Depression,tDCS + training,,Segrave,Australia,2014,Brain Stimul,tDCS + cognitive control training for depression,RCT (n=27),Combined intervention,Anodal,F3 (left DLPFC),F8 (right),2,35,0.057,24,5,☺ Combined ↑ durability of antidepressant effect,https://pubmed.ncbi.nlm.nih.gov/?term=Segrave%202014%20tDCS,"UNVERIFIED — Brain Stimul full text not openly accessible to automated fetch (paywalled/blocked); protocol values are as-reported/standard, NOT PDF-confirmed",,,
,Depression,Home-based RCT,,Woodham / Fu,UK,2024,Nat Med,Fully-remote home-based tDCS for MDD (phase 2),RCT remote (n=174),10-week home protocol (Flow),Anodal,F3 (left DLPFC),F4 (right DLPFC),2,23,0.087,30,36 (15+21),☺ Active home tDCS > sham on severity & remission,https://pubmed.ncbi.nlm.nih.gov/?term=Woodham%20/%20Fu%202024%20tDCS,"VERIFIED (PMC11750699, Nat Med 2024): 23 cm², 2 mA, 30 min, 36 sessions (5/wk×3wk + 3/wk×7wk), F3 anode / F4 cathode [corrected area 35→23, sessions]",,,
★,Stroke rehab,Motor (chronic),,Hummel,USA,2005,Brain,Anodal ipsilesional M1 tDCS improves chronic-stroke hand function,"Crossover, sham-ctrl (n=6)","Jebsen-Taylor, pinch",Anodal,Ipsilesional M1,Contralateral supraorbital,1,25,0.040,20,1,☺ ↑ hand function; outlasts stim ≥40 min,https://pubmed.ncbi.nlm.nih.gov/?term=Hummel%202005%20tDCS,"UNVERIFIED — Brain paywalled (hal PDF blocked); area 25 cm² inferred from stroke-lab standard, NOT source-confirmed",,,
,Stroke rehab,Motor (chronic),,Fregni,USA / Brazil,2005,Neuroreport,Anodal M1 (and cathodal contralesional) tDCS improve stroke motor,Crossover (n=6),Both montages helped,Anodal / cathodal,Ipsilesional M1 / contralesional M1,Supraorbital,1,25,0.040,20,1,☺ ↑ paretic motor performance vs sham,https://pubmed.ncbi.nlm.nih.gov/?term=Fregni%202005%20tDCS,PARTIAL — Electrode area 25 cm² (Cohen-lab lineage); full protocol not full-text-verified (primary source paywalled),,,
,Stroke rehab,Motor (chronic),,Boggio,Brazil,2007,Restor Neurol Neurosci,Anodal & cathodal tDCS improve paretic hand function,Crossover,Repeated sessions,Anodal / cathodal,Ipsilesional M1 / contralesional M1,Supraorbital,1,35,0.029,20,5,☺ ↑ Jebsen-Taylor vs sham,https://pubmed.ncbi.nlm.nih.gov/?term=Boggio%202007%20tDCS,"UNVERIFIED — Restor Neurol Neurosci full text not openly accessible to automated fetch (paywalled/blocked); protocol values are as-reported/standard, NOT PDF-confirmed",,,
★,Stroke rehab,Motor (bihemispheric),,Lindenberg,USA,2010,Neurology,Bihemispheric tDCS + therapy facilitates chronic-stroke recovery,RCT (n=20),Dual-tDCS + PT/OT,Anodal+Cathodal (dual),Ipsilesional M1 (anode),Contralesional M1 (cathode),1.5,16,0.094,30,5,☺ ↑ motor function vs sham; retained ≥1 wk,https://pubmed.ncbi.nlm.nih.gov/?term=Lindenberg%202010%20tDCS,UNVERIFIED — Neurology paywalled,,,
,Stroke rehab,Motor + CIMT,,Bolognini,Italy,2011,Neurorehabil Neural Repair,Bihemispheric tDCS augments constraint-induced therapy,RCT (n=14),tDCS + CIMT,Anodal+Cathodal (dual),Ipsilesional M1,Contralesional M1,2,35,0.057,40,10,☺ ↑ motor gains & excitability vs sham+CIMT,https://pubmed.ncbi.nlm.nih.gov/?term=Bolognini%202011%20tDCS,"UNVERIFIED — Neurorehabil Neural Repair full text not openly accessible to automated fetch (paywalled/blocked); protocol values are as-reported/standard, NOT PDF-confirmed",,,
,Stroke rehab,Motor (subacute),,Kim,South Korea,2010,Am J Phys Med Rehabil,Anodal M1 tDCS + rehab in subacute stroke,RCT (n=18),Subacute,Anodal,Ipsilesional M1,Contralateral supraorbital,2,25,0.080,20,10,☺ ↑ motor outcome vs sham,https://pubmed.ncbi.nlm.nih.gov/?term=Kim%202010%20tDCS,"UNVERIFIED — Am J Phys Med Rehabil full text not openly accessible to automated fetch (paywalled/blocked); protocol values are as-reported/standard, NOT PDF-confirmed",,,
,Stroke rehab,Cathodal contralesional,,Nair,USA,2011,Restor Neurol Neurosci,Cathodal contralesional M1 tDCS + OT in chronic stroke,RCT (n=14),Inhibit intact hemisphere,Cathodal,Contralesional M1,Ipsilesional supraorbital,1,16,0.062,30,5,☺ ↑ motor function vs sham+OT,https://pubmed.ncbi.nlm.nih.gov/?term=Nair%202011%20tDCS,"UNVERIFIED — Restor Neurol Neurosci full text not openly accessible to automated fetch (paywalled/blocked); protocol values are as-reported/standard, NOT PDF-confirmed",,,
,Stroke rehab,Motor + rehab,,Allman,UK,2016,Sci Transl Med,Anodal M1 tDCS + 9-day arm rehab in chronic stroke,RCT (n=24),Structural/functional MRI,Anodal,Ipsilesional M1,Contralateral supraorbital,1,25,0.040,20,9,☺ Moderate ↑ motor function at 3 mo,https://pubmed.ncbi.nlm.nih.gov/?term=Allman%202016%20tDCS,"UNVERIFIED — Sci Transl Med full text not openly accessible to automated fetch (paywalled/blocked); protocol values are as-reported/standard, NOT PDF-confirmed",,,
,Stroke rehab,Motor (acute/subacute),,Khedr,Egypt,2013,Neurorehabil Neural Repair,Anodal vs cathodal tDCS in acute ischemic stroke,RCT (n=40),Early after stroke,Anodal / cathodal,Ipsilesional M1 / contralesional M1,Supraorbital,2,35,0.057,25,6,☺ Both active arms ↑ recovery vs sham,https://pubmed.ncbi.nlm.nih.gov/?term=Khedr%202013%20tDCS,"UNVERIFIED — Neurorehabil Neural Repair full text not openly accessible to automated fetch (paywalled/blocked); protocol values are as-reported/standard, NOT PDF-confirmed",,,
,Stroke rehab,Robot + tDCS,,Hesse,Germany,2011,Restor Neurol Neurosci,Anodal tDCS + robot arm training in subacute stroke,RCT (n=96),Large subacute trial,Anodal,Ipsilesional M1,Contralateral supraorbital,2,35,0.057,20,30,☹ No added benefit over robot training alone,https://pubmed.ncbi.nlm.nih.gov/?term=Hesse%202011%20tDCS,"UNVERIFIED — Restor Neurol Neurosci full text not openly accessible to automated fetch (paywalled/blocked); protocol values are as-reported/standard, NOT PDF-confirmed",,,
★,Aphasia (post-stroke),Naming,,Baker,USA,2010,Stroke,Anodal left-frontal tDCS improves naming in aphasia,"Crossover, sham-ctrl (n=10)",fMRI-guided anode,Anodal,Left frontal (perilesional),Right shoulder,1,25,0.040,20,5,☺ ↑ naming accuracy; maintained ≥1 wk,https://pubmed.ncbi.nlm.nih.gov/?term=Baker%202010%20tDCS,"VERIFIED (PMC2876210): 5×5=25 cm², 1 mA, 20 min, 5 sessions, left frontal (fMRI) / RIGHT SHOULDER [corrected cathode+area]",,,
,Aphasia (post-stroke),Naming,,Fridriksson,USA,2011,Stroke,Anodal tDCS over posterior perisylvian region improves naming,RCT (n=8),Left posterior cortex,Anodal,Left posterior perisylvian,Right supraorbital,1,—,—,20,5,☺ ↑ naming reaction time vs sham,https://pubmed.ncbi.nlm.nih.gov/?term=Fridriksson%202011%20tDCS,"UNVERIFIED — Stroke full text not openly accessible to automated fetch (paywalled/blocked); protocol values are as-reported/standard, NOT PDF-confirmed",,,
★,Aphasia (post-stroke),Naming (large RCT),,Fridriksson,USA,2018,Brain,Anodal IFG tDCS + naming therapy (largest aphasia RCT),RCT (n=74),Left IFG + treatment,Anodal,Left IFG,Right supraorbital,1,—,—,20,15,☺ ↑ naming gains vs sham + therapy,https://pubmed.ncbi.nlm.nih.gov/?term=Fridriksson%202018%20tDCS,"UNVERIFIED — Brain full text not openly accessible to automated fetch (paywalled/blocked); protocol values are as-reported/standard, NOT PDF-confirmed",,,
,Aphasia (post-stroke),Articulation,,Marangolo,Italy,2011,Behav Brain Res,Bihemispheric tDCS improves articulation in aphasia,Crossover,Repeated sessions,Anodal / cathodal,Left frontal / right,Contralateral,2,—,—,20,5,☺ ↑ speech articulation vs sham,https://pubmed.ncbi.nlm.nih.gov/?term=Marangolo%202011%20tDCS,"UNVERIFIED — Behav Brain Res full text not openly accessible to automated fetch (paywalled/blocked); protocol values are as-reported/standard, NOT PDF-confirmed",,,
,Aphasia (post-stroke),Naming + therapy,,Meinzer,Germany / Australia,2016,Brain,Anodal tDCS + intensive naming therapy in chronic aphasia,RCT (n=26),Combined with SLT,Anodal,Left primary motor / IFG,Right supraorbital,1,—,—,20,8,☺ ↑ naming vs sham + therapy; durable,https://pubmed.ncbi.nlm.nih.gov/?term=Meinzer%202016%20tDCS,"UNVERIFIED — Brain full text not openly accessible to automated fetch (paywalled/blocked); protocol values are as-reported/standard, NOT PDF-confirmed",,,
,Aphasia (post-stroke),Naming,,You,South Korea,2011,Brain Lang,Cathodal right vs anodal left tDCS for subacute aphasia,RCT (n=21),Comprehension outcome,Cathodal / anodal,Right STG / left STG,Contralateral,2,35,0.057,30,10,☺ Cathodal right ↑ comprehension vs sham,https://pubmed.ncbi.nlm.nih.gov/?term=You%202011%20tDCS,"UNVERIFIED — Brain Lang full text not openly accessible to automated fetch (paywalled/blocked); protocol values are as-reported/standard, NOT PDF-confirmed",,,
,Aphasia (post-stroke),Naming,,Fiori,Italy,2013,Restor Neurol Neurosci,Anodal Wernicke-area tDCS improves naming & learning,Crossover,Word learning,Anodal,Left Wernicke (temporoparietal),Right supraorbital,1,—,—,20,5,☺ ↑ naming & retention,https://pubmed.ncbi.nlm.nih.gov/?term=Fiori%202013%20tDCS,"UNVERIFIED — Restor Neurol Neurosci full text not openly accessible to automated fetch (paywalled/blocked); protocol values are as-reported/standard, NOT PDF-confirmed",,,
,Stroke rehab,Spatial neglect,,Ko,South Korea,2008,Neurosci Lett,Anodal right posterior parietal tDCS reduces neglect,Crossover (n=15),Right PPC,Anodal,Right posterior parietal,Left supraorbital,2,35,0.057,20,1,☺ ↑ neglect task performance,https://pubmed.ncbi.nlm.nih.gov/?term=Ko%202008%20tDCS,"UNVERIFIED — Neurosci Lett full text not openly accessible to automated fetch (paywalled/blocked); protocol values are as-reported/standard, NOT PDF-confirmed",,,
,Stroke rehab,Spatial neglect,,Sparing,Germany,2009,Brain,tDCS restores visuospatial balance in neglect,Crossover (n=10),Bidirectional PPC,Anodal / cathodal,Right PPC (anode) / left PPC (cathode),Contralateral,1,35,0.029,10,1,☺ ↓ neglect with either montage,https://pubmed.ncbi.nlm.nih.gov/?term=Sparing%202009%20tDCS,"UNVERIFIED — Brain full text not openly accessible to automated fetch (paywalled/blocked); protocol values are as-reported/standard, NOT PDF-confirmed",,,
,Stroke rehab,Spatial neglect,,Sunwoo,South Korea,2013,Neurosci Lett,Dual-mode parietal tDCS improves chronic neglect,Crossover (n=10),Dual > single,Anodal+Cathodal (dual),Right PPC,Left PPC,1,35,0.029,20,1,☺ Dual montage ↑ line-bisection,https://pubmed.ncbi.nlm.nih.gov/?term=Sunwoo%202013%20tDCS,"UNVERIFIED — Neurosci Lett full text not openly accessible to automated fetch (paywalled/blocked); protocol values are as-reported/standard, NOT PDF-confirmed",,,
★,Chronic pain,Fibromyalgia,,Fregni,USA / Brazil,2006,Arthritis Rheum,Anodal M1 tDCS reduces fibromyalgia pain (vs DLPFC/sham),RCT (n=32),M1 > DLPFC > sham,Anodal,M1 (C3/C4),Contralateral supraorbital,2,35,0.057,20,5,☺ M1 ↓ pain vs sham & DLPFC,https://pubmed.ncbi.nlm.nih.gov/?term=Fregni%202006%20tDCS,PARTIAL — Electrode area verified vs primary source; full protocol not full-text-verified (primary source paywalled),,,
,Chronic pain,Fibromyalgia,,Valle,Brazil,2009,J Pain Manag,Anodal M1 vs DLPFC tDCS for fibromyalgia (10 sessions),RCT (n=41),Longer course,Anodal,M1 (C3) / F3,Contralateral supraorbital,2,35,0.057,20,10,☺ M1 ↓ pain; effect to ~60 days,https://pubmed.ncbi.nlm.nih.gov/?term=Valle%202009%20tDCS,"UNVERIFIED — J Pain Manag full text not openly accessible to automated fetch (paywalled/blocked); protocol values are as-reported/standard, NOT PDF-confirmed",,,
,Chronic pain,Fibromyalgia,,Fagerlund,Norway,2015,Pain,Anodal M1 tDCS reduces fibromyalgia pain (home-relevant),RCT (n=48),5 sessions,Anodal,M1 (C3),Contralateral supraorbital,2,35,0.057,20,5,☺ ↓ pain intensity vs sham,https://pubmed.ncbi.nlm.nih.gov/?term=Fagerlund%202015%20tDCS,"UNVERIFIED — Pain full text not openly accessible to automated fetch (paywalled/blocked); protocol values are as-reported/standard, NOT PDF-confirmed",,,
,Chronic pain,Fibromyalgia (HD),,Villamar,USA,2013,J Pain,4×1 HD-tDCS of M1 for fibromyalgia (an/cathodal),Crossover (n=18),Focal HD montage,Anodal & cathodal,M1 (C3) 4×1 ring,4× surround,2,HD 4×1,—,20,1,☺ Both HD montages ↓ pain acutely,https://pubmed.ncbi.nlm.nih.gov/?term=Villamar%202013%20tDCS,"UNVERIFIED — J Pain full text not openly accessible to automated fetch (paywalled/blocked); protocol values are as-reported/standard, NOT PDF-confirmed",,,
,Chronic pain,SCI central pain,,Fregni,USA / Brazil,2006,Pain,Anodal M1 tDCS reduces central pain in spinal cord injury,RCT (n=17),Neuropathic SCI pain,Anodal,M1 (C3/C4),Contralateral supraorbital,2,35,0.057,20,5,☺ ↓ pain vs sham,https://pubmed.ncbi.nlm.nih.gov/?term=Fregni%202006%20tDCS,"UNVERIFIED — Pain full text not openly accessible to automated fetch (paywalled/blocked); protocol values are as-reported/standard, NOT PDF-confirmed",,,
,Chronic pain,SCI + illusion,,Soler,Spain,2010,Brain,Anodal M1 tDCS + visual illusion for SCI neuropathic pain,RCT (n=39),Combined therapy,Anodal,M1 (C3/C4),Contralateral supraorbital,2,35,0.057,20,10,☺ tDCS + illusion ↓ pain most,https://pubmed.ncbi.nlm.nih.gov/?term=Soler%202010%20tDCS,"UNVERIFIED — Brain full text not openly accessible to automated fetch (paywalled/blocked); protocol values are as-reported/standard, NOT PDF-confirmed",,,
,Chronic pain,Phantom limb,,Bolognini,Italy,2015,J Pain,Anodal M1 tDCS reduces phantom limb pain,RCT (n=8),Amputees,Anodal,M1 (contralateral to phantom),Contralateral supraorbital,1.5,35,0.043,15,5,☺ ↓ phantom pain & telescoping,https://pubmed.ncbi.nlm.nih.gov/?term=Bolognini%202015%20tDCS,"UNVERIFIED — J Pain full text not openly accessible to automated fetch (paywalled/blocked); protocol values are as-reported/standard, NOT PDF-confirmed",,,
,Chronic pain,Migraine (prophylaxis),,Antal,Germany,2011,Cephalalgia,Cathodal visual-cortex tDCS for migraine prophylaxis,RCT,6-week course,Cathodal,Occipital / visual cortex (Oz),Vertex (Cz),1,35,0.029,15,multiple,☺ (modest) ↓ attack duration & intensity,https://pubmed.ncbi.nlm.nih.gov/?term=Antal%202011%20tDCS,"UNVERIFIED — Cephalalgia full text not openly accessible to automated fetch (paywalled/blocked); protocol values are as-reported/standard, NOT PDF-confirmed",,,
,Chronic pain,Migraine,,DaSilva,USA,2012,Headache,Anodal M1 tDCS for chronic migraine,RCT (n=13),M1 target,Anodal,M1 (C3/C4),Contralateral supraorbital,2,35,0.057,20,10,☺ ↓ pain intensity (delayed effect),https://pubmed.ncbi.nlm.nih.gov/?term=DaSilva%202012%20tDCS,"UNVERIFIED — Headache full text not openly accessible to automated fetch (paywalled/blocked); protocol values are as-reported/standard, NOT PDF-confirmed",,,
,Parkinson's disease,Motor / gait,,Benninger,USA,2010,J Neurol Neurosurg Psychiatry,Anodal motor/prefrontal tDCS for Parkinson's disease,RCT (n=25),8 sessions,Anodal,Motor & prefrontal (alternating),Extracephalic / mastoid,2,25,0.080,20,8,☺ (modest) ↑ gait/bradykinesia short-term; some null,https://pubmed.ncbi.nlm.nih.gov/?term=Benninger%202010%20tDCS,"UNVERIFIED — J Neurol Neurosurg Psychiatry full text not openly accessible to automated fetch (paywalled/blocked); protocol values are as-reported/standard, NOT PDF-confirmed",,,
,Parkinson's disease,Motor,,Fregni,USA / Brazil,2006,Mov Disord,Anodal M1 tDCS improves motor function in Parkinson's,Crossover (n=17),UPDRS motor,Anodal,M1 (C3/C4),Contralateral supraorbital,1,35,0.029,20,1,☺ ↑ UPDRS motor (~10%) vs sham,https://pubmed.ncbi.nlm.nih.gov/?term=Fregni%202006%20tDCS,"UNVERIFIED — Mov Disord full text not openly accessible to automated fetch (paywalled/blocked); protocol values are as-reported/standard, NOT PDF-confirmed",,,
,Parkinson's disease,Working memory,,Boggio,Brazil,2006,J Neurol Sci,Anodal DLPFC tDCS improves working memory in Parkinson's,Crossover (n=18),Cognitive target,Anodal,F3 (left DLPFC),Right supraorbital,2,35,0.057,20,1,☺ ↑ WM (3-back) with DLPFC 2 mA,https://pubmed.ncbi.nlm.nih.gov/?term=Boggio%202006%20tDCS,"UNVERIFIED — J Neurol Sci full text not openly accessible to automated fetch (paywalled/blocked); protocol values are as-reported/standard, NOT PDF-confirmed",,,
,Parkinson's disease,Gait training,,Kaski,UK,2014,Clin Neurophysiol,Anodal tDCS + gait training improves locomotion in PD,RCT (n=16),Combined with training,Anodal,M1 / leg motor area,Contralateral supraorbital,2,35,0.057,15,1,☺ ↑ gait speed & balance vs sham,https://pubmed.ncbi.nlm.nih.gov/?term=Kaski%202014%20tDCS,"UNVERIFIED — Clin Neurophysiol full text not openly accessible to automated fetch (paywalled/blocked); protocol values are as-reported/standard, NOT PDF-confirmed",,,
,Parkinson's disease,Gait + training,,Costa-Ribeiro,Brazil,2017,J Neurol,Anodal M1 tDCS + gait training prolongs motor benefit in PD,RCT (n=22),Adjunct to training,Anodal,M1 (leg area),Contralateral supraorbital,2,35,0.057,13,10,☺ ↑ retention of gait gains,https://pubmed.ncbi.nlm.nih.gov/?term=Costa-Ribeiro%202017%20tDCS,"UNVERIFIED — J Neurol full text not openly accessible to automated fetch (paywalled/blocked); protocol values are as-reported/standard, NOT PDF-confirmed",,,
,Parkinson's disease,Executive,,Doruk,USA / Brazil,2014,Neurosci Lett,DLPFC tDCS improves executive function in Parkinson's,RCT (n=18),"Trail-making, exec",Anodal,F3 / F4 (DLPFC),Contralateral supraorbital,2,35,0.057,20,10,☺ ↑ executive function; sustained,https://pubmed.ncbi.nlm.nih.gov/?term=Doruk%202014%20tDCS,"UNVERIFIED — Neurosci Lett full text not openly accessible to automated fetch (paywalled/blocked); protocol values are as-reported/standard, NOT PDF-confirmed",,,
,Cerebellar ataxia,Degenerative,,Benussi,Italy,2015,Mov Disord,Single-session cerebellar anodal tDCS improves ataxia,RCT crossover (n=19),Various ataxias,Anodal,Cerebellum (midline),Right deltoid / buccinator,2,35,0.057,20,1,☺ ↑ ataxia scales acutely,https://pubmed.ncbi.nlm.nih.gov/?term=Benussi%202015%20tDCS,"UNVERIFIED — Mov Disord full text not openly accessible to automated fetch (paywalled/blocked); protocol values are as-reported/standard, NOT PDF-confirmed",,,
,Cerebellar ataxia,Cerebello-spinal,,Benussi,Italy,2018,Neurology,2-week cerebello-spinal tDCS in neurodegenerative ataxia,RCT (n=20),Daily ×10; 3-mo follow-up,Anodal,Cerebellum + spinal,—,2,35,0.057,20,10,☺ ↑ ataxia & gait; persisted 3 mo,https://pubmed.ncbi.nlm.nih.gov/?term=Benussi%202018%20tDCS,"UNVERIFIED — Neurology full text not openly accessible to automated fetch (paywalled/blocked); protocol values are as-reported/standard, NOT PDF-confirmed",,,
★,Schizophrenia,Auditory hallucinations,,Brunelin,France,2012,Am J Psychiatry,Fronto-temporal tDCS for refractory auditory hallucinations,RCT (n=30),2×/day ×5 days,Anodal + cathodal,"Left DLPFC (F3, anode)",Left temporoparietal (cathode),2,35,0.057,20,10,☺ Robust ↓ hallucinations; lasting 3 mo,https://pubmed.ncbi.nlm.nih.gov/?term=Brunelin%202012%20tDCS,"UNVERIFIED — Am J Psychiatry full text not openly accessible to automated fetch (paywalled/blocked); protocol values are as-reported/standard, NOT PDF-confirmed",,,
,Schizophrenia,Hallucinations,,Mondino,France,2016,Schizophr Res,Fronto-temporal tDCS reduces auditory hallucinations & source-monitoring,RCT (n=23),Replication + mechanism,Anodal + cathodal,Left DLPFC (F3),Left temporoparietal,2,35,0.057,20,10,☺ ↓ hallucinations vs sham,https://pubmed.ncbi.nlm.nih.gov/?term=Mondino%202016%20tDCS,"UNVERIFIED — Schizophr Res full text not openly accessible to automated fetch (paywalled/blocked); protocol values are as-reported/standard, NOT PDF-confirmed",,,
,Schizophrenia,Negative symptoms,,Valiengo,Brazil,2020,JAMA Psychiatry,tDCS for negative symptoms of schizophrenia (STARTS),RCT (n=100),Bifrontal montage,Anodal,F3 (left DLPFC),Left temporoparietal,2,25,0.080,20,10,☺ ↓ negative symptoms vs sham,https://pubmed.ncbi.nlm.nih.gov/?term=Valiengo%202020%20tDCS,"UNVERIFIED — JAMA Psychiatry full text not openly accessible to automated fetch (paywalled/blocked); protocol values are as-reported/standard, NOT PDF-confirmed",,,
,Schizophrenia,Negative symptoms,,Palm,Germany,2016,Schizophr Bull,Prefrontal tDCS improves negative symptoms & connectivity,RCT (n=20),fMRI connectivity,Anodal,F3 (left DLPFC),Right supraorbital,2,35,0.057,20,10,☺ ↓ negative symptoms; ↑ prefrontal connectivity,https://pubmed.ncbi.nlm.nih.gov/?term=Palm%202016%20tDCS,"UNVERIFIED — Schizophr Bull full text not openly accessible to automated fetch (paywalled/blocked); protocol values are as-reported/standard, NOT PDF-confirmed",,,
,Schizophrenia,Cognition,,Smith,USA,2015,Schizophr Res,Anodal DLPFC tDCS improves cognition (not symptoms) in schizophrenia,RCT (n=33),Smokers with schizophrenia,Anodal,F3 (left DLPFC),Right supraorbital,2,35,0.057,20,5,☺ ↑ cognition (MCCB); no symptom change,https://pubmed.ncbi.nlm.nih.gov/?term=Smith%202015%20tDCS,"UNVERIFIED — Schizophr Res full text not openly accessible to automated fetch (paywalled/blocked); protocol values are as-reported/standard, NOT PDF-confirmed",,,
,Schizophrenia,Hallucinations (multisite),,Kantrowitz,USA,2019,Schizophr Bull? / Neuropsychopharmacology,Multisite RCT of fronto-temporal tDCS for hallucinations,RCT (n=89),Multisite,Anodal + cathodal,Left DLPFC (F3),Left temporoparietal,2,35,0.057,20,10,☹/☺ Mixed: no clear primary-outcome benefit,https://pubmed.ncbi.nlm.nih.gov/?term=Kantrowitz%202019%20tDCS,"UNVERIFIED — Schizophr Bull? / Neuropsychopharmacology full text not openly accessible to automated fetch (paywalled/blocked); protocol values are as-reported/standard, NOT PDF-confirmed",,,
,Addiction / craving,Alcohol,,Boggio,Brazil,2008,Drug Alcohol Depend,Bilateral DLPFC tDCS reduces alcohol craving,Crossover (n=13),Cue exposure,Anodal/cathodal (bilateral),Right or left DLPFC,Contralateral DLPFC,2,35,0.057,20,1,☺ ↓ alcohol craving vs sham,https://pubmed.ncbi.nlm.nih.gov/?term=Boggio%202008%20tDCS,"UNVERIFIED — Drug Alcohol Depend full text not openly accessible to automated fetch (paywalled/blocked); protocol values are as-reported/standard, NOT PDF-confirmed",,,
,Addiction / craving,Alcohol RCT,,Klauss,Brazil,2014,Int J Neuropsychopharmacol,Bilateral DLPFC tDCS in alcohol dependence (relapse),RCT (n=33),5 sessions,Anodal R / cathodal L,Right DLPFC (F4),Left DLPFC (F3),2,35,0.057,13,5,☺ ↓ relapse rate vs sham at follow-up,https://pubmed.ncbi.nlm.nih.gov/?term=Klauss%202014%20tDCS,"UNVERIFIED — Int J Neuropsychopharmacol full text not openly accessible to automated fetch (paywalled/blocked); protocol values are as-reported/standard, NOT PDF-confirmed",,,
,Addiction / craving,Alcohol RCT,,Klauss,Brazil,2018,Front Pharmacol,Repeated DLPFC tDCS reduces craving & relapse in AUD,RCT,Multiple sessions,Anodal R / cathodal L,Right DLPFC (F4),Left DLPFC (F3),2,35,0.057,20,10,☺ ↓ craving & ↑ abstinence,https://pubmed.ncbi.nlm.nih.gov/?term=Klauss%202018%20tDCS,"VERIFIED (Front Pharmacol fphar.2018.00716): 35 cm², 2 mA, 20 min, 10 sessions, F4 anode / F3 cathode [corrected N sessions 5→10]",,,
,Addiction / craving,Smoking,,Fregni,Brazil,2008,J Clin Psychiatry,Prefrontal tDCS reduces cue-provoked smoking craving,Crossover (n=24),Bilateral DLPFC,Anodal/cathodal (bilateral),Left DLPFC (F3),Right DLPFC (F4),2,35,0.057,20,1,☺ ↓ smoking craving vs sham,https://pubmed.ncbi.nlm.nih.gov/?term=Fregni%202008%20tDCS,"UNVERIFIED — J Clin Psychiatry full text not openly accessible to automated fetch (paywalled/blocked); protocol values are as-reported/standard, NOT PDF-confirmed",,,
,Addiction / craving,Smoking (repeated),,Boggio,Brazil,2009,Drug Alcohol Depend,Repeated DLPFC tDCS cumulatively reduces smoking craving & consumption,RCT (n=27),5 consecutive days,Anodal L / cathodal R,Left DLPFC (F3),Right DLPFC (F4),2,35,0.057,20,5,☺ ↓ craving & cigarettes smoked,https://pubmed.ncbi.nlm.nih.gov/?term=Boggio%202009%20tDCS,"UNVERIFIED — Drug Alcohol Depend full text not openly accessible to automated fetch (paywalled/blocked); protocol values are as-reported/standard, NOT PDF-confirmed",,,
,Addiction / craving,Smoking,,Fecteau,Canada,2014,Drug Alcohol Depend,Bilateral DLPFC tDCS reduces cigarette consumption,RCT (n=12),Consumption outcome,Anodal R / cathodal L,Right DLPFC,Left DLPFC,2,35,0.057,30,5,☺ ↓ cigarettes smoked vs sham,https://pubmed.ncbi.nlm.nih.gov/?term=Fecteau%202014%20tDCS,"UNVERIFIED — Drug Alcohol Depend full text not openly accessible to automated fetch (paywalled/blocked); protocol values are as-reported/standard, NOT PDF-confirmed",,,
,Addiction / craving,Crack-cocaine,,Batista,Brazil,2015,Front Psychiatry? / Drug Alcohol Depend,Bilateral DLPFC tDCS in crack-cocaine dependence,RCT (n=36),Craving & QoL,Anodal R / cathodal L,Right DLPFC (F4),Left DLPFC (F3),2,35,0.057,20,5,☺ ↓ craving; ↑ quality of life,https://pubmed.ncbi.nlm.nih.gov/?term=Batista%202015%20tDCS,"UNVERIFIED — Front Psychiatry? / Drug Alcohol Depend full text not openly accessible to automated fetch (paywalled/blocked); protocol values are as-reported/standard, NOT PDF-confirmed",,,
,Addiction / craving,Cannabis (risk),,Boggio,Brazil,2010,J Psychopharmacol,DLPFC tDCS alters risk-taking in marijuana users,Crossover (n=25),BART risk-taking,Anodal R / cathodal L,Right DLPFC,Left DLPFC,2,35,0.057,20,1,☺ ↓ craving; altered risk behaviour,https://pubmed.ncbi.nlm.nih.gov/?term=Boggio%202010%20tDCS,"UNVERIFIED — J Psychopharmacol full text not openly accessible to automated fetch (paywalled/blocked); protocol values are as-reported/standard, NOT PDF-confirmed",,,
,Appetite / craving,Food craving,,Fregni,Brazil / USA,2008,Appetite,Right-anodal DLPFC tDCS reduces food craving,Crossover (n=23),Right > left,Anodal R / cathodal L,Right DLPFC (F4),Left DLPFC (F3),2,35,0.057,20,1,☺ ↓ food craving (right-anodal),https://pubmed.ncbi.nlm.nih.gov/?term=Fregni%202008%20tDCS,"UNVERIFIED — Appetite full text not openly accessible to automated fetch (paywalled/blocked); protocol values are as-reported/standard, NOT PDF-confirmed",,,
,Appetite / craving,Food craving,,Goldman,USA,2011,Appetite,Anodal right DLPFC tDCS reduces craving for viewed foods,Crossover (n=19),Cue-induced craving,Anodal R / cathodal L,Right DLPFC,Left DLPFC,2,35,0.057,20,1,☺ ↓ craving vs sham,https://pubmed.ncbi.nlm.nih.gov/?term=Goldman%202011%20tDCS,"UNVERIFIED — Appetite full text not openly accessible to automated fetch (paywalled/blocked); protocol values are as-reported/standard, NOT PDF-confirmed",,,
,Appetite / craving,Food intake,,Jauch-Chara,Germany,2014,Diabetes,Anodal prefrontal tDCS reduces caloric intake,RCT (n=14),Buffet intake,Anodal,Prefrontal,Extracephalic,1,35,0.029,20,8,☺ ↓ food intake vs sham,https://pubmed.ncbi.nlm.nih.gov/?term=Jauch-Chara%202014%20tDCS,"UNVERIFIED — Diabetes full text not openly accessible to automated fetch (paywalled/blocked); protocol values are as-reported/standard, NOT PDF-confirmed",,,
★,Epilepsy,Refractory / focal,,Fregni,Brazil / USA,2006,Epilepsia,Cathodal tDCS over epileptogenic focus reduces seizures,RCT (n=19),Single session,Cathodal,Epileptogenic focus,Contralateral / extracephalic,1,35,0.029,20,1,☺ ↓ seizures (−44%) & discharges vs sham,https://pubmed.ncbi.nlm.nih.gov/?term=Fregni%202006%20tDCS,"UNVERIFIED — Epilepsia full text not openly accessible to automated fetch (paywalled/blocked); protocol values are as-reported/standard, NOT PDF-confirmed",,,
,Epilepsy,Children (focal),,Auvichayapat,Thailand,2013,Brain Stimul,Cathodal tDCS reduces seizures & discharges in childhood focal epilepsy,RCT (n=36),Pediatric,Cathodal,Epileptogenic focus,Contralateral shoulder,1,35,0.029,20,1,☺ ↓ seizure frequency & EEG spikes,https://pubmed.ncbi.nlm.nih.gov/?term=Auvichayapat%202013%20tDCS,"UNVERIFIED — Brain Stimul full text not openly accessible to automated fetch (paywalled/blocked); protocol values are as-reported/standard, NOT PDF-confirmed",,,
,Epilepsy,Temporal lobe,,San-Juan,Mexico,2017,Brain Stimul,Cathodal tDCS for mesial temporal lobe epilepsy (RCT),RCT (n=28),3 consecutive days,Cathodal,Temporal focus,Contralateral,2,35,0.057,30,3,☺ ↓ seizures for up to 2 months,https://pubmed.ncbi.nlm.nih.gov/?term=San-Juan%202017%20tDCS,"UNVERIFIED — Brain Stimul full text not openly accessible to automated fetch (paywalled/blocked); protocol values are as-reported/standard, NOT PDF-confirmed",,,
,Epilepsy,Refractory (multicenter),,Yang,China,2020,Epilepsia / Ann Clin Transl Neurol,Multicenter cathodal tDCS for refractory focal epilepsy,RCT (n=70),3-arm multicenter,Cathodal,Epileptogenic focus,Contralateral,2,35,0.057,20,14,☺ ↓ seizure frequency vs sham,https://pubmed.ncbi.nlm.nih.gov/?term=Yang%202020%20tDCS,"UNVERIFIED — Epilepsia / Ann Clin Transl Neurol full text not openly accessible to automated fetch (paywalled/blocked); protocol values are as-reported/standard, NOT PDF-confirmed",,,
,ADHD,Adult inattention,,Leffa,Brazil,2022,JAMA Psychiatry,Home-based right-DLPFC tDCS for inattention in adult ADHD,RCT (n=64),28 home sessions,Anodal,Right DLPFC (F4),Left DLPFC (F3),2,35,0.057,30,28,☺ ↓ inattention vs sham,https://pubmed.ncbi.nlm.nih.gov/?term=Leffa%202022%20tDCS,"UNVERIFIED — JAMA Psychiatry full text not openly accessible to automated fetch (paywalled/blocked); protocol values are as-reported/standard, NOT PDF-confirmed",,,
,ADHD,Adult,,Cachoeira,Brazil,2017,Psychiatry Res,Anodal right-DLPFC tDCS reduces ADHD symptoms,RCT (n=17),Clinical symptoms,Anodal,Right DLPFC (F4),Left DLPFC (F3),2,35,0.057,20,5,☺ ↓ inattention & clinician-rated symptoms,https://pubmed.ncbi.nlm.nih.gov/?term=Cachoeira%202017%20tDCS,"UNVERIFIED — Psychiatry Res full text not openly accessible to automated fetch (paywalled/blocked); protocol values are as-reported/standard, NOT PDF-confirmed",,,
,ADHD,Children (WM),,Soltaninejad,Iran,2019,J Atten Disord,Anodal DLPFC tDCS improves inhibition/WM in ADHD adolescents,Crossover,Cognitive outcomes,Anodal,F3 (left DLPFC),Right supraorbital,1,35,0.029,15,1,☺ ↑ inhibitory control / WM,https://pubmed.ncbi.nlm.nih.gov/?term=Soltaninejad%202019%20tDCS,"UNVERIFIED — J Atten Disord full text not openly accessible to automated fetch (paywalled/blocked); protocol values are as-reported/standard, NOT PDF-confirmed",,,
,ADHD,Single session,,Cosmo,Brazil,2015,PLoS One,Single-session anodal DLPFC tDCS in adult ADHD (inhibition),RCT (n=60),Go/No-Go,Anodal,F3 (left DLPFC),Right supraorbital,1,35,0.029,20,1,☹ No effect on inhibitory control,https://pubmed.ncbi.nlm.nih.gov/?term=Cosmo%202015%20tDCS,"UNVERIFIED — PLoS One full text not openly accessible to automated fetch (paywalled/blocked); protocol values are as-reported/standard, NOT PDF-confirmed",,,
,Autism,Symptoms,,Amatachaya,Thailand,2014,Behav Neurol,Anodal DLPFC tDCS improves autism symptom scores (CARS/ATEC),RCT crossover (n=20),Children,Anodal,F3 (left DLPFC),Right shoulder,1,35,0.029,20,1,☺ ↓ CARS/ATEC vs sham,https://pubmed.ncbi.nlm.nih.gov/?term=Amatachaya%202014%20tDCS,"UNVERIFIED — Behav Neurol full text not openly accessible to automated fetch (paywalled/blocked); protocol values are as-reported/standard, NOT PDF-confirmed",,,
,Autism,EEG,,Amatachaya,Thailand,2015,Neural Plast,Anodal DLPFC tDCS: EEG correlates of symptom improvement,RCT crossover (n=20),Follow-up EEG,Anodal,F3 (left DLPFC),Right shoulder,1,35,0.029,20,1,☺ Symptom change linked to alpha activity,https://pubmed.ncbi.nlm.nih.gov/?term=Amatachaya%202015%20tDCS,"UNVERIFIED — Neural Plast full text not openly accessible to automated fetch (paywalled/blocked); protocol values are as-reported/standard, NOT PDF-confirmed",,,
,Autism,Theory of mind,,Zemestani,Iran,2022,Autism Res,Prefrontal tDCS improves theory-of-mind & emotion regulation in ASD,RCT (n=..),"Children, parallel-group",Anodal,F3 (left DLPFC),Right supraorbital,1,35,0.029,20,10,☺ ↑ ToM & emotion regulation,https://pubmed.ncbi.nlm.nih.gov/?term=Zemestani%202022%20tDCS,"UNVERIFIED — Autism Res full text not openly accessible to automated fetch (paywalled/blocked); protocol values are as-reported/standard, NOT PDF-confirmed",,,
,Tinnitus,Bifrontal,,Vanneste,Belgium,2010,Exp Brain Res,Bifrontal DLPFC tDCS transiently suppresses tinnitus,Crossover,Bifrontal montage,Anodal R / cathodal L,Right DLPFC,Left DLPFC,1.5,35,0.043,20,1,☺ (modest) Transient tinnitus suppression,https://pubmed.ncbi.nlm.nih.gov/?term=Vanneste%202010%20tDCS,"UNVERIFIED — Exp Brain Res full text not openly accessible to automated fetch (paywalled/blocked); protocol values are as-reported/standard, NOT PDF-confirmed",,,
,Tinnitus,Auditory cortex,,Fregni,USA / Brazil,2006,Eur J Neurol,Anodal auditory-cortex tDCS transiently reduces tinnitus,Crossover,Temporoparietal target,Anodal,Left temporoparietal (auditory),Contralateral supraorbital,1,35,0.029,3,1,☺ (modest) Transient loudness ↓,https://pubmed.ncbi.nlm.nih.gov/?term=Fregni%202006%20tDCS,"UNVERIFIED — Eur J Neurol full text not openly accessible to automated fetch (paywalled/blocked); protocol values are as-reported/standard, NOT PDF-confirmed",,,
,Tinnitus,Repeated bifrontal,,Frank,Germany,2012,J Neurol,Repeated bifrontal tDCS for chronic tinnitus,Open/RCT (n=32),Multiple sessions,Anodal R / cathodal L,Right DLPFC,Left DLPFC,1.5,35,0.043,30,6,☺ (modest) ↓ tinnitus distress in subset,https://pubmed.ncbi.nlm.nih.gov/?term=Frank%202012%20tDCS,"UNVERIFIED — J Neurol full text not openly accessible to automated fetch (paywalled/blocked); protocol values are as-reported/standard, NOT PDF-confirmed",,,
,Tinnitus,Auditory cortex RCT,,Pal,India,2015,Brain Stimul,Cathodal auditory-cortex / anodal prefrontal tDCS for tinnitus,RCT (n=40),5 sessions,Cathodal (auditory) + anodal (PFC),Prefrontal,Left auditory cortex,2,35,0.057,20,5,☺ (modest) ↓ tinnitus severity,https://pubmed.ncbi.nlm.nih.gov/?term=Pal%202015%20tDCS,"UNVERIFIED — Brain Stimul full text not openly accessible to automated fetch (paywalled/blocked); protocol values are as-reported/standard, NOT PDF-confirmed",,,
,Alzheimer's / dementia,Recognition memory,,Ferrucci,Italy,2008,Neurology,Anodal temporoparietal tDCS improves recognition memory in AD,Crossover (n=10),Word recognition,Anodal,Bilateral temporoparietal,Right deltoid,1.5,35,0.043,15,1,☺ ↑ recognition memory (anodal); cathodal ↓,https://pubmed.ncbi.nlm.nih.gov/?term=Ferrucci%202008%20tDCS,"UNVERIFIED — Neurology full text not openly accessible to automated fetch (paywalled/blocked); protocol values are as-reported/standard, NOT PDF-confirmed",,,
,Alzheimer's / dementia,Recognition memory,,Boggio,Brazil,2009,J Neurol Neurosurg Psychiatry,Temporal tDCS improves visual recognition memory in AD,Crossover (n=10),Temporal target,Anodal,Bilateral temporal (T3/T4),Right deltoid,2,35,0.057,30,1,☺ ↑ visual recognition memory,https://pubmed.ncbi.nlm.nih.gov/?term=Boggio%202009%20tDCS,"UNVERIFIED — J Neurol Neurosurg Psychiatry full text not openly accessible to automated fetch (paywalled/blocked); protocol values are as-reported/standard, NOT PDF-confirmed",,,
,Alzheimer's / dementia,Memory (repeated),,Boggio,Brazil,2012,Brain Stimul,Repeated temporal tDCS gives prolonged memory gains in AD,RCT (n=15),5 daily sessions,Anodal,Bilateral temporal (T3/T4),Right deltoid,2,35,0.057,30,5,☺ ↑ recognition memory; persisted,https://pubmed.ncbi.nlm.nih.gov/?term=Boggio%202012%20tDCS,"UNVERIFIED — Brain Stimul full text not openly accessible to automated fetch (paywalled/blocked); protocol values are as-reported/standard, NOT PDF-confirmed",,,
,Alzheimer's / dementia,Cognition RCT,,Khedr,Egypt,2014,Front Aging Neurosci,Anodal vs cathodal DLPFC tDCS for AD cognition,RCT (n=34),Both polarities tested,Anodal / cathodal,Left DLPFC (F3),Contralateral supraorbital,2,35,0.057,25,10,☺ ↑ MMSE vs sham; sustained ~2 mo,https://pubmed.ncbi.nlm.nih.gov/?term=Khedr%202014%20tDCS,"UNVERIFIED — Front Aging Neurosci full text not openly accessible to automated fetch (paywalled/blocked); protocol values are as-reported/standard, NOT PDF-confirmed",,,
,Alzheimer's / dementia,Home / null,,Bystad,Norway,2016,Alzheimers Res Ther,Anodal temporal tDCS for AD memory (RCT),RCT (n=25),Left temporal,Anodal,Left temporal cortex (T3),Right frontal,2,35,0.057,30,6,☹ No significant memory improvement,https://pubmed.ncbi.nlm.nih.gov/?term=Bystad%202016%20tDCS,"UNVERIFIED — Alzheimers Res Ther full text not openly accessible to automated fetch (paywalled/blocked); protocol values are as-reported/standard, NOT PDF-confirmed",,,
,MCI,Cognitive training,,Cotelli,Italy,2014,Front Aging Neurosci,Anodal DLPFC tDCS + memory training in aMCI,RCT (n=..),Combined with training,Anodal,Left DLPFC (F3),Right deltoid,2,35,0.057,25,10,☺ ↑ face-name association vs sham,https://pubmed.ncbi.nlm.nih.gov/?term=Cotelli%202014%20tDCS,"UNVERIFIED — Front Aging Neurosci full text not openly accessible to automated fetch (paywalled/blocked); protocol values are as-reported/standard, NOT PDF-confirmed",,,
,Multiple sclerosis,Fatigue,,Ferrucci,Italy,2014,NeuroRehabilitation,Bilateral somatosensory tDCS reduces MS fatigue,RCT crossover (n=..),Whole-body fatigue,Anodal,Bilateral S1,Occipital / neck,1.5,35,0.043,15,5,☺ ↓ fatigue (FSS) vs sham,https://pubmed.ncbi.nlm.nih.gov/?term=Ferrucci%202014%20tDCS,"UNVERIFIED — NeuroRehabilitation full text not openly accessible to automated fetch (paywalled/blocked); protocol values are as-reported/standard, NOT PDF-confirmed",,,
,Multiple sclerosis,Fatigue,,Tecchio,Italy,2014,J Neurol,Personalized somatosensory tDCS reduces MS fatigue,RCT (n=..),Individualized S1,Anodal,Whole somatosensory (personalized),—,1.5,35,0.043,15,5,☺ ↓ fatigue; effect persisted weeks,https://pubmed.ncbi.nlm.nih.gov/?term=Tecchio%202014%20tDCS,"UNVERIFIED — J Neurol full text not openly accessible to automated fetch (paywalled/blocked); protocol values are as-reported/standard, NOT PDF-confirmed",,,
,Multiple sclerosis,Fatigue (remote),,Charvet,USA,2018,Mult Scler,Remotely-supervised home tDCS for MS fatigue,RCT (n=27),Tele-supervised + cognitive training,Anodal,F3 (left DLPFC),Right supraorbital,2.0,25,0.080,20,20,☺ ↓ fatigue vs sham (home),https://pubmed.ncbi.nlm.nih.gov/?term=Charvet%202018%20tDCS,"VERIFIED (PMC5975187): 5×5=25 cm², 2 mA, 20 min, 20 sessions, left DLPFC anode; cathode not stated",,,
,Multiple sclerosis,Neuropathic pain,,Mori,Italy,2010,J Pain,Anodal M1 tDCS reduces MS central neuropathic pain,RCT (n=19),M1 target,Anodal,M1 (C3/C4),Contralateral supraorbital,2,35,0.057,20,5,☺ ↓ pain vs sham,https://pubmed.ncbi.nlm.nih.gov/?term=Mori%202010%20tDCS,"UNVERIFIED — J Pain full text not openly accessible to automated fetch (paywalled/blocked); protocol values are as-reported/standard, NOT PDF-confirmed",,,
,Dysphagia (stroke),Swallowing,,Kumar,USA,2011,Stroke,Anodal pharyngeal-motor tDCS improves post-stroke swallowing,RCT (n=14),+ swallowing therapy,Anodal,Pharyngeal motor cortex (unaffected),Contralateral supraorbital,2,—,—,30,5,☺ ↑ swallowing (DOSS) vs sham,https://pubmed.ncbi.nlm.nih.gov/?term=Kumar%202011%20tDCS,"UNVERIFIED — Stroke full text not openly accessible to automated fetch (paywalled/blocked); protocol values are as-reported/standard, NOT PDF-confirmed",,,
,Dysphagia (stroke),Swallowing,,Shigematsu,Japan,2013,Neurorehabil Neural Repair,Anodal tDCS on affected hemisphere improves dysphagia,RCT (n=20),Affected-side stimulation,Anodal,Pharyngeal motor cortex (affected),Contralateral supraorbital,1,—,—,20,10,☺ ↑ DOSS vs sham,https://pubmed.ncbi.nlm.nih.gov/?term=Shigematsu%202013%20tDCS,"UNVERIFIED — Neurorehabil Neural Repair full text not openly accessible to automated fetch (paywalled/blocked); protocol values are as-reported/standard, NOT PDF-confirmed",,,
,Dysphagia (stroke),Swallowing,,Yang,South Korea,2012,J Oral Rehabil? / clinical,Anodal tDCS + swallowing exercise for post-stroke dysphagia,RCT (n=16),3-mo follow-up,Anodal,Pharyngeal motor cortex (affected),Contralateral supraorbital,1,—,—,20,10,☺ ↑ functional dysphagia scale at 3 mo,https://pubmed.ncbi.nlm.nih.gov/?term=Yang%202012%20tDCS,"UNVERIFIED — J Oral Rehabil? / clinical full text not openly accessible to automated fetch (paywalled/blocked); protocol values are as-reported/standard, NOT PDF-confirmed",,,
,Disorders of consciousness,MCS,,Thibaut,Belgium,2014,Neurology,Anodal DLPFC tDCS transiently improves signs of consciousness (MCS),RCT crossover (n=55),Single session,Anodal,Left DLPFC (F3),Right supraorbital,2,35,0.057,20,1,☺ New conscious signs in subset of MCS,https://pubmed.ncbi.nlm.nih.gov/?term=Thibaut%202014%20tDCS,"UNVERIFIED — Neurology full text not openly accessible to automated fetch (paywalled/blocked); protocol values are as-reported/standard, NOT PDF-confirmed",,,
,Disorders of consciousness,MCS (repeated),,Thibaut,Belgium,2017,Brain Inj / Restor Neurol Neurosci,Repeated prefrontal tDCS in chronic MCS,RCT (n=..),5 daily sessions,Anodal,Left DLPFC (F3),Right supraorbital,2,35,0.057,20,5,☺ (modest) ↑ CRS-R in some MCS patients,https://pubmed.ncbi.nlm.nih.gov/?term=Thibaut%202017%20tDCS,"UNVERIFIED — Brain Inj / Restor Neurol Neurosci full text not openly accessible to automated fetch (paywalled/blocked); protocol values are as-reported/standard, NOT PDF-confirmed",,,
,Disorders of consciousness,MCS/VS,,Angelakis,Greece,2014,Arch Phys Med Rehabil,Prefrontal tDCS in vegetative & minimally conscious states,Case series/controlled (n=10),Repeated sessions,Anodal,Left DLPFC (F3),Right supraorbital,1,35,0.029,20,multiple,☺ (modest) Behavioural gains in MCS not VS,https://pubmed.ncbi.nlm.nih.gov/?term=Angelakis%202014%20tDCS,"UNVERIFIED — Arch Phys Med Rehabil full text not openly accessible to automated fetch (paywalled/blocked); protocol values are as-reported/standard, NOT PDF-confirmed",,,
,OCD,SMA / OFC,,Gowda,India,2019,Brain Stimul,Cathodal pre-SMA tDCS for obsessive-compulsive disorder (RCT),RCT (n=25),Augmentation,Cathodal,Pre-SMA,Right supraorbital,2,35,0.057,20,20,☺ ↓ Y-BOCS vs sham,https://pubmed.ncbi.nlm.nih.gov/?term=Gowda%202019%20tDCS,"UNVERIFIED — Brain Stimul full text not openly accessible to automated fetch (paywalled/blocked); protocol values are as-reported/standard, NOT PDF-confirmed",,,
,OCD,SMA,,Silva,Brazil,2021,Eur Arch Psychiatry Clin Neurosci,Cathodal SMA tDCS for OCD (sham-controlled),RCT (n=44),Larger OCD RCT,Cathodal,SMA,Deltoid / supraorbital,2,35,0.057,30,20,☺ (modest) ↓ OCD symptoms,https://pubmed.ncbi.nlm.nih.gov/?term=Silva%202021%20tDCS,"UNVERIFIED — Eur Arch Psychiatry Clin Neurosci full text not openly accessible to automated fetch (paywalled/blocked); protocol values are as-reported/standard, NOT PDF-confirmed",,,
,OCD,OFC,,Bation,France,2019,Brain Stimul,Cathodal orbitofrontal / anodal cerebellar tDCS for refractory OCD,RCT (n=..),Refractory OCD,Cathodal,OFC,Cerebellum,2,35,0.057,20,10,☺ (modest) ↓ Y-BOCS in refractory cases,https://pubmed.ncbi.nlm.nih.gov/?term=Bation%202019%20tDCS,"UNVERIFIED — Brain Stimul full text not openly accessible to automated fetch (paywalled/blocked); protocol values are as-reported/standard, NOT PDF-confirmed",,,
,PTSD,DLPFC,,van 't Wout-Frank,USA,2019,Brain Stimul,Anodal DLPFC tDCS + virtual reality exposure for PTSD,RCT (n=..),Combined with VR exposure,Anodal,Right / ventromedial PFC,Contralateral,2,35,0.057,25,6,☺ (modest) ↓ arousal / PTSD symptoms,https://pubmed.ncbi.nlm.nih.gov/?term=van%20%27t%20Wout-Frank%202019%20tDCS,"UNVERIFIED — Brain Stimul full text not openly accessible to automated fetch (paywalled/blocked); protocol values are as-reported/standard, NOT PDF-confirmed",,,
,Sleep / memory,Slow oscillation,,Marshall,Germany,2006,Nature,Slow-oscillating tDCS during sleep enhances declarative memory,Crossover (n=13),0.75 Hz oscillating tDCS in SWS,Anodal (oscillating),Bilateral frontal (F3/F4),Mastoids,0.517,—,—,~30,1,☺ ↑ overnight declarative memory retention,https://pubmed.ncbi.nlm.nih.gov/?term=Marshall%202006%20tDCS,"UNVERIFIED — Nature full text not openly accessible to automated fetch (paywalled/blocked); protocol values are as-reported/standard, NOT PDF-confirmed",,,
,Sleep / insomnia,Insomnia,,Frase,Germany,2016,Neuropsychopharmacology,Bifrontal tDCS modulates total sleep time (anodal vs cathodal),Crossover (n=19),Sleep architecture,Anodal & cathodal,Bilateral frontal,Extracephalic,1,35,0.029,~15,1,☺/☹ Anodal ↓ / cathodal ↑ total sleep time,https://pubmed.ncbi.nlm.nih.gov/?term=Frase%202016%20tDCS,"UNVERIFIED — Neuropsychopharmacology full text not openly accessible to automated fetch (paywalled/blocked); protocol values are as-reported/standard, NOT PDF-confirmed",,,
,Sleep / insomnia,Slow-osc insomnia,,Saebipour,Iran,2015,J Sleep Res,Slow-oscillating tDCS improves sleep in primary insomnia,Crossover (n=6),so-tDCS during N2,Anodal (oscillating),Frontolateral,Mastoids,0.517,—,—,~25,1,☺ ↑ N3 sleep & efficiency,https://pubmed.ncbi.nlm.nih.gov/?term=Saebipour%202015%20tDCS,"UNVERIFIED — J Sleep Res full text not openly accessible to automated fetch (paywalled/blocked); protocol values are as-reported/standard, NOT PDF-confirmed",,,
,Traumatic brain injury,Attention,,Ulam,USA,2015,Clin Neurophysiol,Anodal DLPFC tDCS improves attention & EEG after TBI,RCT (n=26),Acute rehab,Anodal,F3 (left DLPFC),Right supraorbital,1,35,0.029,20,10,☺ ↑ attention; EEG normalization,https://pubmed.ncbi.nlm.nih.gov/?term=Ulam%202015%20tDCS,"UNVERIFIED — Clin Neurophysiol full text not openly accessible to automated fetch (paywalled/blocked); protocol values are as-reported/standard, NOT PDF-confirmed",,,
,Cerebral palsy,Gait / balance,,Collange Grecco,Brazil,2014,Clin Rehabil,Anodal M1 tDCS + treadmill training improves gait in children with CP,RCT (n=24),Combined training,Anodal,M1 (leg area),Contralateral supraorbital,1,25,0.040,20,10,☺ ↑ gait & balance vs sham+training,https://pubmed.ncbi.nlm.nih.gov/?term=Collange%20Grecco%202014%20tDCS,"UNVERIFIED — Clin Rehabil full text not openly accessible to automated fetch (paywalled/blocked); protocol values are as-reported/standard, NOT PDF-confirmed",,,
,Tourette syndrome,Tics,,Mrakic-Sposta,Italy,2008,Neurol Sci,Cathodal motor/pre-SMA tDCS reduces tics (pilot),Case (n=2),Pilot,Cathodal,M1 / pre-SMA,Contralateral supraorbital,2,35,0.057,15,5,☺ (modest) ↓ tic frequency,https://pubmed.ncbi.nlm.nih.gov/?term=Mrakic-Sposta%202008%20tDCS,"UNVERIFIED — Neurol Sci full text not openly accessible to automated fetch (paywalled/blocked); protocol values are as-reported/standard, NOT PDF-confirmed",,,
★,Physiology / mechanism,Historical,,Priori,Italy,1998,Neuroreport,Weak scalp DC polarization modulates human motor excitability,Healthy,First modern human tDCS report,Anodal & cathodal,M1,Contralateral / mastoid,0.5,—,—,7 s,1,☺ Weak DC alters cortical excitability through scalp,https://pubmed.ncbi.nlm.nih.gov/?term=Priori%201998%20tDCS,"UNVERIFIED — Neuroreport full text not openly accessible to automated fetch (paywalled/blocked); protocol values are as-reported/standard, NOT PDF-confirmed",,,
,Physiology / mechanism,Non-synaptic,,Ardolino,Italy,2005,J Physiol,Non-synaptic mechanisms of sustained cathodal tDCS effects,Healthy,Cathodal after-effect mechanism,Cathodal,M1 (C3),Contralateral supraorbital,1,35,0.029,10,1,☺ Cathodal after-effects via non-synaptic changes,https://pubmed.ncbi.nlm.nih.gov/?term=Ardolino%202005%20tDCS,"UNVERIFIED — J Physiol full text not openly accessible to automated fetch (paywalled/blocked); protocol values are as-reported/standard, NOT PDF-confirmed",,,
,Physiology / mechanism,Pharmacology,,Nitsche,Germany,2003,J Physiol,Pharmacological modulation of tDCS-induced excitability shifts,Healthy,NMDA/Na-channel blockers,Anodal & cathodal,M1 (C3/C4),Contralateral supraorbital,1,35,0.029,≤13,1,☺ After-effects NMDA-dependent; abolished by blockers,https://pubmed.ncbi.nlm.nih.gov/?term=Nitsche%202003%20tDCS,"UNVERIFIED — J Physiol full text not openly accessible to automated fetch (paywalled/blocked); protocol values are as-reported/standard, NOT PDF-confirmed",,,
,Physiology / mechanism,GABA,,Nitsche,Germany,2004,J Physiol,tDCS shifts intracortical inhibition/facilitation,Healthy,Paired-pulse TMS,Anodal & cathodal,M1 (C3/C4),Contralateral supraorbital,1,35,0.029,5,1,☺ Anodal ↓ SICI; cathodal ↑ SICI,https://pubmed.ncbi.nlm.nih.gov/?term=Nitsche%202004%20tDCS,"UNVERIFIED — J Physiol full text not openly accessible to automated fetch (paywalled/blocked); protocol values are as-reported/standard, NOT PDF-confirmed",,,
,Physiology / mechanism,HD vs conventional,,Kuo,Germany,2013,Brain Stimul,4×1 HD-tDCS vs conventional tDCS on M1 plasticity,Healthy,Focality comparison,Anodal & cathodal,M1 (C3) 4×1 ring,4× surround,2,HD 4×1,—,10,1,"☺ HD-tDCS → later, longer after-effects",https://pubmed.ncbi.nlm.nih.gov/?term=Kuo%202013%20tDCS,"UNVERIFIED — Brain Stimul full text not openly accessible to automated fetch (paywalled/blocked); protocol values are as-reported/standard, NOT PDF-confirmed",,,
,Motor learning (healthy),Retention,,Galea,USA,2009,J Neurophysiol,M1 anodal tDCS specifically enhances motor memory retention,Healthy,Retention vs acquisition,Anodal,M1 (C3/C4),Contralateral supraorbital,1,25,0.040,15,1,"☺ ↑ retention, not acquisition",https://pubmed.ncbi.nlm.nih.gov/?term=Galea%202009%20tDCS,"UNVERIFIED — J Neurophysiol full text not openly accessible to automated fetch (paywalled/blocked); protocol values are as-reported/standard, NOT PDF-confirmed",,,
,Motor learning (healthy),Bimanual,,Waters-Metenier,UK,2014,J Neurosci,Bilateral M1 tDCS enhances bimanual motor skill & generalization,Healthy,Multi-day bimanual,Anodal (bilateral),Bilateral M1,—,1,25,0.040,20,4,☺ ↑ bimanual skill & transfer,https://pubmed.ncbi.nlm.nih.gov/?term=Waters-Metenier%202014%20tDCS,"UNVERIFIED — J Neurosci full text not openly accessible to automated fetch (paywalled/blocked); protocol values are as-reported/standard, NOT PDF-confirmed",,,
,Cognition (healthy),Episodic memory,,Javadi,UK,2012,Brain Stimul,Anodal DLPFC tDCS improves episodic memory encoding/recognition,Healthy,Word recognition,Anodal,Left DLPFC (F3),Right supraorbital,1.5,35,0.043,~3/word,1,☺ ↑ recognition when applied at encoding,https://pubmed.ncbi.nlm.nih.gov/?term=Javadi%202012%20tDCS,"UNVERIFIED — Brain Stimul full text not openly accessible to automated fetch (paywalled/blocked); protocol values are as-reported/standard, NOT PDF-confirmed",,,
,Cognition (healthy),Math cognition,,Sarkar,UK,2014,J Neurosci,DLPFC tDCS modulates math performance in high math-anxiety,Healthy,Anxiety-dependent,Anodal,Bilateral DLPFC,—,1.5,35,0.043,20,1,☺ ↑ arithmetic in high-anxiety individuals,https://pubmed.ncbi.nlm.nih.gov/?term=Sarkar%202014%20tDCS,"UNVERIFIED — J Neurosci full text not openly accessible to automated fetch (paywalled/blocked); protocol values are as-reported/standard, NOT PDF-confirmed",,,
,Cognition (healthy),Accelerated learning,,Clark,USA,2012,Neuroimage,Anodal tDCS accelerates object-detection learning,Healthy,DARPA/Sandia,Anodal,Right inferior frontal / temporal,Contralateral arm,2,35,0.057,30,1,☺ ↑ speed of threat-detection learning,https://pubmed.ncbi.nlm.nih.gov/?term=Clark%202012%20tDCS,"UNVERIFIED — Neuroimage full text not openly accessible to automated fetch (paywalled/blocked); protocol values are as-reported/standard, NOT PDF-confirmed",,,
,Cognition (healthy),Planning,,Dockery,Germany,2009,J Neurosci,DLPFC tDCS improves planning (Tower of London),Healthy,Polarity & phase effects,Anodal & cathodal,Left DLPFC (F3),Right supraorbital,1,35,0.029,15,1,☺ ↑ planning performance; polarity-dependent,https://pubmed.ncbi.nlm.nih.gov/?term=Dockery%202009%20tDCS,"UNVERIFIED — J Neurosci full text not openly accessible to automated fetch (paywalled/blocked); protocol values are as-reported/standard, NOT PDF-confirmed",,,
,Cognition (healthy),Older-adult memory,,Flöel,Germany,2012,Neurobiol Aging,Anodal tDCS improves object-location memory in older adults,Healthy elderly,+ training; consolidation,Anodal,Right temporoparietal,Contralateral supraorbital,1,35,0.029,20,3,☺ ↑ memory consolidation in elderly,https://pubmed.ncbi.nlm.nih.gov/?term=Fl%C3%B6el%202012%20tDCS,"UNVERIFIED — Neurobiol Aging full text not openly accessible to automated fetch (paywalled/blocked); protocol values are as-reported/standard, NOT PDF-confirmed",,,
,MCI,Word retrieval,,Meinzer,Germany,2015,Neurology,Anodal tDCS restores word-retrieval network function in MCI,RCT crossover (n=18),fMRI; MCI,Anodal,Left IFG,Right supraorbital,1,35,0.029,20,1,☺ ↑ word retrieval to healthy-like level,https://pubmed.ncbi.nlm.nih.gov/?term=Meinzer%202015%20tDCS,"UNVERIFIED — Neurology full text not openly accessible to automated fetch (paywalled/blocked); protocol values are as-reported/standard, NOT PDF-confirmed",,,
,Cognition (healthy),Reading,,Turkeltaub,USA,2012,Neuropsychologia,Anodal left-temporoparietal tDCS improves reading efficiency,Healthy,Left perisylvian,Anodal,Left temporoparietal,Right supraorbital,1.5,35,0.043,20,1,☺ ↑ reading speed in efficient readers,https://pubmed.ncbi.nlm.nih.gov/?term=Turkeltaub%202012%20tDCS,"UNVERIFIED — Neuropsychologia full text not openly accessible to automated fetch (paywalled/blocked); protocol values are as-reported/standard, NOT PDF-confirmed",,,
,Depression,tDCS vs drug,,Rigonatti,Brazil,2008,Eur Psychiatry,tDCS vs fluoxetine for depression: speed of response,RCT (n=42),Faster onset with tDCS,Anodal,F3 (left DLPFC),Right supraorbital,2,35,0.057,20,10,☺ tDCS = fluoxetine at 6 wk; faster early response,https://pubmed.ncbi.nlm.nih.gov/?term=Rigonatti%202008%20tDCS,"UNVERIFIED — Eur Psychiatry full text not openly accessible to automated fetch (paywalled/blocked); protocol values are as-reported/standard, NOT PDF-confirmed",,,
,Depression,Severe TRD,,Ferrucci,Italy,2009,J Affect Disord,Bifrontal tDCS in severe drug-resistant depression,Open (n=14),2×/day ×5,Anodal,F3 (left DLPFC),Right supraorbital (F4),2,35,0.057,20,10,☺ ↓ depression scores; short-lived,https://pubmed.ncbi.nlm.nih.gov/?term=Ferrucci%202009%20tDCS,"UNVERIFIED — J Affect Disord full text not openly accessible to automated fetch (paywalled/blocked); protocol values are as-reported/standard, NOT PDF-confirmed",,,
,Depression,Bipolar,,Dell'Osso,Italy,2012,Bipolar Disord,Bifrontal tDCS for bipolar depression (open),Open (n=..),Bipolar sample,Anodal,F3 (left DLPFC),F4 (right DLPFC),2,35,0.057,20,10,☺ (modest) ↓ depression in bipolar patients,https://pubmed.ncbi.nlm.nih.gov/?term=Dell%27Osso%202012%20tDCS,"UNVERIFIED — Bipolar Disord full text not openly accessible to automated fetch (paywalled/blocked); protocol values are as-reported/standard, NOT PDF-confirmed",,,
,Depression,Add-on,,Brunoni,Brazil,2011,J Affect Disord,Bifrontal tDCS as add-on for depression (sham-controlled),RCT (n=..),Add-on to meds,Anodal,F3 (left DLPFC),F4 (right DLPFC),2,35,0.057,20,10,☺ ↑ response vs sham add-on,https://pubmed.ncbi.nlm.nih.gov/?term=Brunoni%202011%20tDCS,"UNVERIFIED — J Affect Disord full text not openly accessible to automated fetch (paywalled/blocked); protocol values are as-reported/standard, NOT PDF-confirmed",,,
,Stroke rehab,"Motor (acute, dual)",,Di Lazzaro,Italy,2014,Brain Stimul,Bihemispheric tDCS + rehab in acute stroke,RCT (n=..),Early bihemispheric,Anodal+Cathodal (dual),Ipsilesional M1,Contralesional M1,2,35,0.057,40,5,☹/☺ No clear added benefit in acute phase,https://pubmed.ncbi.nlm.nih.gov/?term=Di%20Lazzaro%202014%20tDCS,"UNVERIFIED — Brain Stimul full text not openly accessible to automated fetch (paywalled/blocked); protocol values are as-reported/standard, NOT PDF-confirmed",,,
,Stroke rehab,"Motor (acute, null)",,Rossi,Italy,2013,Eur J Neurol,Anodal ipsilesional tDCS does not speed acute-stroke recovery,RCT (n=50),Valid negative,Anodal,Ipsilesional M1,Contralateral supraorbital,2,35,0.057,20,5,☹ No difference vs sham (acute),https://pubmed.ncbi.nlm.nih.gov/?term=Rossi%202013%20tDCS,"UNVERIFIED — Eur J Neurol full text not openly accessible to automated fetch (paywalled/blocked); protocol values are as-reported/standard, NOT PDF-confirmed",,,
,Stroke rehab,Motor + PNS,,Sattler,France,2015,Neurorehabil Neural Repair,Anodal M1 tDCS + peripheral nerve stimulation in subacute stroke,RCT (n=20),Combined stimulation,Anodal,Ipsilesional M1,Contralateral supraorbital,1,35,0.029,20,5,☺ ↑ hand motor function vs sham,https://pubmed.ncbi.nlm.nih.gov/?term=Sattler%202015%20tDCS,"UNVERIFIED — Neurorehabil Neural Repair full text not openly accessible to automated fetch (paywalled/blocked); protocol values are as-reported/standard, NOT PDF-confirmed",,,
,Stroke rehab,Motor learning,,Kang,South Korea,2011,Restor Neurol Neurosci,Cathodal contralesional tDCS improves paretic motor learning,Crossover,Sequential learning,Cathodal,Contralesional M1,Ipsilesional supraorbital,2,25,0.080,20,1,☺ ↑ motor sequence learning,https://pubmed.ncbi.nlm.nih.gov/?term=Kang%202011%20tDCS,"UNVERIFIED — Restor Neurol Neurosci full text not openly accessible to automated fetch (paywalled/blocked); protocol values are as-reported/standard, NOT PDF-confirmed",,,
,Aphasia (post-stroke),Articulation,,Marangolo,Italy,2013,Restor Neurol Neurosci,Bihemispheric tDCS improves conversational speech in aphasia,RCT crossover (n=..),Repeated,Anodal / cathodal,Left frontal / right,Contralateral,2,—,—,20,10,☺ ↑ content/speech vs sham,https://pubmed.ncbi.nlm.nih.gov/?term=Marangolo%202013%20tDCS,"UNVERIFIED — Restor Neurol Neurosci full text not openly accessible to automated fetch (paywalled/blocked); protocol values are as-reported/standard, NOT PDF-confirmed",,,
,Aphasia (post-stroke),Individualized,,Shah-Basak,USA / Canada,2015,J Neurosci? / Restor Neurol Neurosci,Individually-optimized anodal/cathodal tDCS in chronic aphasia,RCT (n=12),Best-montage per patient,Anodal / cathodal,Left / right frontal,Contralateral,2,—,—,20,10,☺ ↑ naming with individualized montage,https://pubmed.ncbi.nlm.nih.gov/?term=Shah-Basak%202015%20tDCS,"UNVERIFIED — J Neurosci? / Restor Neurol Neurosci full text not openly accessible to automated fetch (paywalled/blocked); protocol values are as-reported/standard, NOT PDF-confirmed",,,
,Aphasia (post-stroke),Null,,Volpato,Italy,2013,Restor Neurol Neurosci,Anodal frontal tDCS in chronic aphasia (no naming gain),RCT crossover (n=8),Valid negative,Anodal,Left frontal,Right supraorbital,2,35,0.057,20,10,☹ No significant naming improvement,https://pubmed.ncbi.nlm.nih.gov/?term=Volpato%202013%20tDCS,"UNVERIFIED — Restor Neurol Neurosci full text not openly accessible to automated fetch (paywalled/blocked); protocol values are as-reported/standard, NOT PDF-confirmed",,,
,Chronic pain,Fibromyalgia + exercise,,Mendonca,Brazil,2016,Front Hum Neurosci,Anodal M1 tDCS + aerobic exercise for fibromyalgia,RCT (n=45),Combined arms,Anodal,M1 (C3),Contralateral supraorbital,2,35,0.057,20,5,☺ tDCS + exercise ↓ pain most,https://pubmed.ncbi.nlm.nih.gov/?term=Mendonca%202016%20tDCS,"VERIFIED (PMC4785149, Front Hum Neurosci 2016): 35 cm², 2 mA, 20 min, 5 sessions, C3 (M1) anode / contralateral supraorbital cathode [all confirmed]",,,
,Chronic pain,Fibromyalgia (null),,Riberto,Brazil,2011,Open Rheumatol J,Anodal M1 tDCS + rehab for fibromyalgia,RCT (n=23),Adjunct to rehab,Anodal,M1 (C3),Contralateral supraorbital,2,35,0.057,20,10,☹ ↑ QoL but no sig. pain reduction,https://pubmed.ncbi.nlm.nih.gov/?term=Riberto%202011%20tDCS,"UNVERIFIED — Open Rheumatol J full text not openly accessible to automated fetch (paywalled/blocked); protocol values are as-reported/standard, NOT PDF-confirmed",,,
,Chronic pain,Low back pain (null),,Luedtke,Germany,2015,Pain,Anodal M1 tDCS before CBT for chronic low back pain,RCT (n=135),Large negative,Anodal,M1,Contralateral supraorbital,2,35,0.057,20,5,☹ No benefit over sham,https://pubmed.ncbi.nlm.nih.gov/?term=Luedtke%202015%20tDCS,"UNVERIFIED — Pain full text not openly accessible to automated fetch (paywalled/blocked); protocol values are as-reported/standard, NOT PDF-confirmed",,,
,Chronic pain,Knee osteoarthritis (HD),,Ahn,USA,2017,Clin J Pain,HD-tDCS of M1 reduces knee-osteoarthritis pain,RCT (n=40),"Older adults, HD montage",Anodal,M1 (C3/C4) 4×1,4× surround,2,HD 4×1,—,20,5,☺ ↓ clinical pain vs sham,https://pubmed.ncbi.nlm.nih.gov/?term=Ahn%202017%20tDCS,"UNVERIFIED — Clin J Pain full text not openly accessible to automated fetch (paywalled/blocked); protocol values are as-reported/standard, NOT PDF-confirmed",,,
,Chronic pain,Experimental (healthy),,Boggio,Brazil,2008,Eur J Neurosci? / Pain,Anodal M1/DLPFC tDCS raises pain thresholds in healthy adults,Crossover healthy,Mechanism,Anodal,M1 / DLPFC,Contralateral supraorbital,2,35,0.057,5,1,☺ ↑ pain threshold (M1 & DLPFC),https://pubmed.ncbi.nlm.nih.gov/?term=Boggio%202008%20tDCS,"UNVERIFIED — Eur J Neurosci? / Pain full text not openly accessible to automated fetch (paywalled/blocked); protocol values are as-reported/standard, NOT PDF-confirmed",,,
,Chronic pain,Migraine,,Auvichayapat,Thailand,2012,J Med Assoc Thai,Anodal M1 tDCS for migraine prophylaxis,RCT (n=..),M1 target,Anodal,M1 (C3/C4),Contralateral supraorbital,1,35,0.029,20,20,☺ ↓ attack frequency & intensity,https://pubmed.ncbi.nlm.nih.gov/?term=Auvichayapat%202012%20tDCS,"UNVERIFIED — J Med Assoc Thai full text not openly accessible to automated fetch (paywalled/blocked); protocol values are as-reported/standard, NOT PDF-confirmed",,,
,Chronic pain,Migraine (home),,Andrade,Brazil,2017,J Neural Transm,Anodal M1 home-based tDCS for chronic migraine,RCT (n=13),Home use,Anodal,M1,Contralateral supraorbital,2,35,0.057,20,12,☺ (modest) ↓ migraine burden,https://pubmed.ncbi.nlm.nih.gov/?term=Andrade%202017%20tDCS,"UNVERIFIED — J Neural Transm full text not openly accessible to automated fetch (paywalled/blocked); protocol values are as-reported/standard, NOT PDF-confirmed",,,
,Parkinson's disease,Cerebellar/M1,,Ferrucci,Italy,2016,Cerebellum,Cerebellar & motor-cortex tDCS in Parkinson's disease,RCT crossover (n=9),Two targets,Anodal,Cerebellum / M1,Deltoid / supraorbital,2,35,0.057,20,5,☺ (modest) ↑ some motor measures,https://pubmed.ncbi.nlm.nih.gov/?term=Ferrucci%202016%20tDCS,"UNVERIFIED — Cerebellum full text not openly accessible to automated fetch (paywalled/blocked); protocol values are as-reported/standard, NOT PDF-confirmed",,,
,Parkinson's disease,Verbal fluency,,Pereira,Portugal,2013,Brain Stimul,DLPFC tDCS enhances verbal-fluency networks in Parkinson's,Crossover (n=16),fMRI,Anodal,Left DLPFC (F3),Right supraorbital,2,35,0.057,20,1,☺ ↑ phonemic fluency; network change,https://pubmed.ncbi.nlm.nih.gov/?term=Pereira%202013%20tDCS,"UNVERIFIED — Brain Stimul full text not openly accessible to automated fetch (paywalled/blocked); protocol values are as-reported/standard, NOT PDF-confirmed",,,
,Parkinson's disease,Depression in PD,,Manenti,Italy,2016,Mov Disord,Anodal DLPFC tDCS + physical therapy for depression in PD,RCT (n=20),Mood + motor,Anodal,Left DLPFC (F3),Right deltoid,2,35,0.057,20,10,☺ ↓ depression; motor gains,https://pubmed.ncbi.nlm.nih.gov/?term=Manenti%202016%20tDCS,"UNVERIFIED — Mov Disord full text not openly accessible to automated fetch (paywalled/blocked); protocol values are as-reported/standard, NOT PDF-confirmed",,,
,Schizophrenia,Working memory,,Gomes,Brazil,2018,J ECT / Schizophr Res,Anodal left-DLPFC tDCS improves working memory in schizophrenia,RCT (n=..),Cognitive outcome,Anodal,F3 (left DLPFC),Right supraorbital,2,35,0.057,20,10,☺ ↑ working memory vs sham,https://pubmed.ncbi.nlm.nih.gov/?term=Gomes%202018%20tDCS,"UNVERIFIED — J ECT / Schizophr Res full text not openly accessible to automated fetch (paywalled/blocked); protocol values are as-reported/standard, NOT PDF-confirmed",,,
,Schizophrenia,Social cognition,,Rassovsky,Israel / USA,2015,Schizophr Res,Anodal DLPFC tDCS modulates social cognition in schizophrenia,Crossover,Emotion identification,Anodal,F3 (left DLPFC),Right supraorbital,2,35,0.057,20,1,☺ (modest) ↑ facial-affect processing,https://pubmed.ncbi.nlm.nih.gov/?term=Rassovsky%202015%20tDCS,"UNVERIFIED — Schizophr Res full text not openly accessible to automated fetch (paywalled/blocked); protocol values are as-reported/standard, NOT PDF-confirmed",,,
,Addiction / craving,Crack-cocaine,,Nakamura-Palacios,Brazil,2012,J Neurosci Methods? / Front,DLPFC tDCS modulates craving-related activity in crack users,RCT (n=..),EEG/ERP,Anodal L / cathodal R,Left DLPFC (F3),Right DLPFC (F4),1,35,0.029,20,1,☺ Modulated craving-linked P300,https://pubmed.ncbi.nlm.nih.gov/?term=Nakamura-Palacios%202012%20tDCS,"UNVERIFIED — J Neurosci Methods? / Front full text not openly accessible to automated fetch (paywalled/blocked); protocol values are as-reported/standard, NOT PDF-confirmed",,,
,Addiction / craving,Crack (fMRI),,da Silva,Brazil,2013,J Physiol Paris,Bilateral DLPFC tDCS alters craving-network activity in crack users,RCT (n=..),Mechanism,Anodal R / cathodal L,Right DLPFC,Left DLPFC,2,35,0.057,20,5,☺ ↓ craving; altered frontal activity,https://pubmed.ncbi.nlm.nih.gov/?term=da%20Silva%202013%20tDCS,"UNVERIFIED — J Physiol Paris full text not openly accessible to automated fetch (paywalled/blocked); protocol values are as-reported/standard, NOT PDF-confirmed",,,
,Addiction / craving,Methamphetamine,,Shahbabaie,Iran,2014,Int J Neuropsychopharmacol,Anodal right-DLPFC tDCS state-dependently alters meth craving,Crossover (n=32),Cue-induced,Anodal,Right DLPFC (F4),Left supraorbital,2,35,0.057,20,1,☺ State-dependent craving change,https://pubmed.ncbi.nlm.nih.gov/?term=Shahbabaie%202014%20tDCS,"UNVERIFIED — Int J Neuropsychopharmacol full text not openly accessible to automated fetch (paywalled/blocked); protocol values are as-reported/standard, NOT PDF-confirmed",,,
,Addiction / craving,Alcohol (null),,den Uyl,Netherlands,2015,Alcohol Clin Exp Res,DLPFC tDCS + cognitive bias modification in heavy drinkers,RCT (n=..),Combined,Anodal,Left / right DLPFC,Contralateral,2,35,0.057,..,..,☹ No clear effect on drinking,https://pubmed.ncbi.nlm.nih.gov/?term=den%20Uyl%202015%20tDCS,"UNVERIFIED — Alcohol Clin Exp Res full text not openly accessible to automated fetch (paywalled/blocked); protocol values are as-reported/standard, NOT PDF-confirmed",,,
,Appetite / craving,Repeated,,Ljubisavljevic,UAE,2016,Front Hum Neurosci,Repeated right-DLPFC tDCS reduces food craving,RCT (n=..),5 sessions,Anodal,Right DLPFC (F4),Left supraorbital,2,35,0.057,20,5,☺ ↓ food craving cumulatively,https://pubmed.ncbi.nlm.nih.gov/?term=Ljubisavljevic%202016%20tDCS,"UNVERIFIED — Front Hum Neurosci full text not openly accessible to automated fetch (paywalled/blocked); protocol values are as-reported/standard, NOT PDF-confirmed",,,
,Appetite / craving,Eating behaviour,,Lapenta,Brazil,2014,Appetite,Bilateral DLPFC tDCS reduces food-related ERP & intake,Crossover,ERP + intake,Anodal R / cathodal L,Right DLPFC,Left DLPFC,2,35,0.057,20,1,☺ ↓ caloric intake; altered N2/P3,https://pubmed.ncbi.nlm.nih.gov/?term=Lapenta%202014%20tDCS,"UNVERIFIED — Appetite full text not openly accessible to automated fetch (paywalled/blocked); protocol values are as-reported/standard, NOT PDF-confirmed",,,
,Appetite / craving,Exercise/appetite,,Montenegro,Brazil,2012,Appetite,Anodal DLPFC tDCS modulates appetite after exercise,Crossover,Post-exercise appetite,Anodal,Left DLPFC (F3),Right supraorbital,2,35,0.057,20,1,☺ (modest) ↓ appetite ratings,https://pubmed.ncbi.nlm.nih.gov/?term=Montenegro%202012%20tDCS,"UNVERIFIED — Appetite full text not openly accessible to automated fetch (paywalled/blocked); protocol values are as-reported/standard, NOT PDF-confirmed",,,
,Epilepsy,Temporal lobe,,Tekturk,Turkey,2016,Clin Neurol Neurosurg? / Epilepsy Res,Cathodal tDCS reduces seizures in mesial temporal lobe epilepsy,Open/RCT (n=12),3 consecutive days,Cathodal,Temporal focus,Contralateral,2,35,0.057,30,3,☺ ↓ seizure frequency,https://pubmed.ncbi.nlm.nih.gov/?term=Tekturk%202016%20tDCS,"UNVERIFIED — Clin Neurol Neurosurg? / Epilepsy Res full text not openly accessible to automated fetch (paywalled/blocked); protocol values are as-reported/standard, NOT PDF-confirmed",,,
,Epilepsy,Focal,,Assenza,Italy,2017,Brain Stimul,Cathodal tDCS reduces seizures & interictal activity in focal epilepsy,Open (n=..),EEG connectivity,Cathodal,Epileptogenic focus,Contralateral,2,35,0.057,20,5,☺ ↓ seizures; EEG desynchronization,https://pubmed.ncbi.nlm.nih.gov/?term=Assenza%202017%20tDCS,"UNVERIFIED — Brain Stimul full text not openly accessible to automated fetch (paywalled/blocked); protocol values are as-reported/standard, NOT PDF-confirmed",,,
,Epilepsy,LGS / spasms,,Auvichayapat,Thailand,2016,Brain Stimul,Cathodal tDCS in Lennox-Gastaut / epileptic spasms,RCT (n=..),Pediatric refractory,Cathodal,Vertex / focus,Contralateral shoulder,2,35,0.057,20,5,☺ ↓ spasm frequency at 1 mo,https://pubmed.ncbi.nlm.nih.gov/?term=Auvichayapat%202016%20tDCS,"UNVERIFIED — Brain Stimul full text not openly accessible to automated fetch (paywalled/blocked); protocol values are as-reported/standard, NOT PDF-confirmed",,,
,ADHD,Children (interference),,Breitling,Germany,2016,Front Cell Neurosci,Anodal / HD tDCS of right IFG improves interference control in ADHD,Crossover (n=..),Adolescents,Anodal,Right IFG,Contralateral / surround,1,35,0.029,20,1,☺ ↑ interference control,https://pubmed.ncbi.nlm.nih.gov/?term=Breitling%202016%20tDCS,"UNVERIFIED — Front Cell Neurosci full text not openly accessible to automated fetch (paywalled/blocked); protocol values are as-reported/standard, NOT PDF-confirmed",,,
,ADHD,Children (RCT),,Soff,Germany,2017,J Neural Transm,Anodal left-DLPFC tDCS reduces ADHD symptoms in adolescents,RCT (n=15),5 sessions,Anodal,F3 (left DLPFC),Right supraorbital,1,35,0.029,20,5,☺ ↓ inattention after 7 days,https://pubmed.ncbi.nlm.nih.gov/?term=Soff%202017%20tDCS,"UNVERIFIED — J Neural Transm full text not openly accessible to automated fetch (paywalled/blocked); protocol values are as-reported/standard, NOT PDF-confirmed",,,
,ADHD,Children (inhibition),,Nejati,Iran,2020,Sci Rep? / J Atten Disord,DLPFC vs OFC tDCS on executive function in children with ADHD,Crossover,Multiple targets,Anodal & cathodal,Left DLPFC / OFC,Contralateral,1,35,0.029,15,1,☺ Target-dependent ↑ inhibition/WM,https://pubmed.ncbi.nlm.nih.gov/?term=Nejati%202020%20tDCS,"UNVERIFIED — Sci Rep? / J Atten Disord full text not openly accessible to automated fetch (paywalled/blocked); protocol values are as-reported/standard, NOT PDF-confirmed",,,
,Tinnitus,Dose optimization,,Shekhawat,New Zealand,2013,Neurorehabil Neural Repair,Optimizing bifrontal tDCS dose for tinnitus suppression,Dose study (n=..),Intensity × duration,Anodal R / cathodal L,Right DLPFC,Left DLPFC,2,35,0.057,20,1,☺ 2 mA / 20 min most effective,https://pubmed.ncbi.nlm.nih.gov/?term=Shekhawat%202013%20tDCS,"UNVERIFIED — Neurorehabil Neural Repair full text not openly accessible to automated fetch (paywalled/blocked); protocol values are as-reported/standard, NOT PDF-confirmed",,,
,Alzheimer's / dementia,Apathy (null),,Suemoto,Brazil,2014,Brain Stimul,Anodal DLPFC tDCS for apathy in Alzheimer's disease,RCT (n=40),Apathy outcome,Anodal,Left DLPFC (F3),Right supraorbital,2,35,0.057,20,6,☹ No effect on apathy,https://pubmed.ncbi.nlm.nih.gov/?term=Suemoto%202014%20tDCS,"UNVERIFIED — Brain Stimul full text not openly accessible to automated fetch (paywalled/blocked); protocol values are as-reported/standard, NOT PDF-confirmed",,,
,Alzheimer's / dementia,Long-term,,Gangemi,Italy,2021,Neurol Sci,Repeated tDCS gives long-term cognitive benefit in AD,Controlled (n=..),Daily + follow-up,Anodal,Bilateral temporal,Deltoid,2,35,0.057,20,10,☺ ↑ MMSE sustained at 6–8 mo,https://pubmed.ncbi.nlm.nih.gov/?term=Gangemi%202021%20tDCS,"UNVERIFIED — Neurol Sci full text not openly accessible to automated fetch (paywalled/blocked); protocol values are as-reported/standard, NOT PDF-confirmed",,,
,Multiple sclerosis,Fatigue (DLPFC),,Chalah,France,2017,J Neurol Sci,Left-DLPFC vs right-PPC tDCS for MS fatigue,Crossover (n=10),Target comparison,Anodal,Left DLPFC (F3),Right supraorbital,2,35,0.057,20,5,☺ Left DLPFC ↓ fatigue most,https://pubmed.ncbi.nlm.nih.gov/?term=Chalah%202017%20tDCS,"UNVERIFIED — J Neurol Sci full text not openly accessible to automated fetch (paywalled/blocked); protocol values are as-reported/standard, NOT PDF-confirmed",,,
,OCD,Cathodal SMA/OFC,,D'Urso,Italy,2016,World J Biol Psychiatry,Cathodal (vs anodal) pre-SMA tDCS for OCD,Case series/crossover,Polarity matters,Cathodal,Pre-SMA,Right deltoid,2,35,0.057,20,10,☺ Cathodal ↓ Y-BOCS; anodal worsened,https://pubmed.ncbi.nlm.nih.gov/?term=D%27Urso%202016%20tDCS,"UNVERIFIED — World J Biol Psychiatry full text not openly accessible to automated fetch (paywalled/blocked); protocol values are as-reported/standard, NOT PDF-confirmed",,,
,OCD,DLPFC,,Alizadeh Goradel,Iran,2016,Iran J Psychiatry? / clinical,Anodal DLPFC tDCS for obsessive-compulsive symptoms,RCT (n=..),DLPFC target,Anodal,Left DLPFC (F3),Right supraorbital,2,35,0.057,20,10,☺ (modest) ↓ OCD symptoms,https://pubmed.ncbi.nlm.nih.gov/?term=Alizadeh%20Goradel%202016%20tDCS,"UNVERIFIED — Iran J Psychiatry? / clinical full text not openly accessible to automated fetch (paywalled/blocked); protocol values are as-reported/standard, NOT PDF-confirmed",,,
,Anxiety,GAD,,Shiozawa,Brazil,2014,Rev Bras Psiquiatr / J ECT,Cathodal / prefrontal tDCS for generalized anxiety (pilot),Pilot (n=..),Adjunctive,Cathodal,Right DLPFC,Left supraorbital,2,35,0.057,30,..,☺ (modest) ↓ anxiety symptoms,https://pubmed.ncbi.nlm.nih.gov/?term=Shiozawa%202014%20tDCS,"UNVERIFIED — Rev Bras Psiquiatr / J ECT full text not openly accessible to automated fetch (paywalled/blocked); protocol values are as-reported/standard, NOT PDF-confirmed",,,
,Stuttering,Fluency,,Chesters,UK,2018,Brain,Anodal left-IFC tDCS + fluency training reduces stuttering,RCT (n=30),Combined with training,Anodal,Left inferior frontal cortex,Right supraorbital,1,35,0.029,20,5,☺ ↑ fluency retained at 6 wk,https://pubmed.ncbi.nlm.nih.gov/?term=Chesters%202018%20tDCS,"UNVERIFIED — Brain full text not openly accessible to automated fetch (paywalled/blocked); protocol values are as-reported/standard, NOT PDF-confirmed",,,
,Dyslexia,Reading (children),,Costanzo,Italy,2016,Restor Neurol Neurosci,Bilateral parietotemporal tDCS improves reading in dyslexia,RCT (n=19),Anode left / cathode right,Anodal L / cathodal R,Left parietotemporal,Right parietotemporal,1,—,—,20,18,☺ ↑ reading accuracy & efficiency,https://pubmed.ncbi.nlm.nih.gov/?term=Costanzo%202016%20tDCS,"UNVERIFIED — Restor Neurol Neurosci full text not openly accessible to automated fetch (paywalled/blocked); protocol values are as-reported/standard, NOT PDF-confirmed",,,
,Disorders of consciousness,MCS (mobilization),,Martens,Belgium,2018,Brain Stimul,Repeated prefrontal tDCS improves signs of consciousness in MCS,RCT (n=27),5 daily sessions,Anodal,Left DLPFC (F3),Right supraorbital,2,35,0.057,20,5,☺ ↑ CRS-R vs sham,https://pubmed.ncbi.nlm.nih.gov/?term=Martens%202018%20tDCS,"UNVERIFIED — Brain Stimul full text not openly accessible to automated fetch (paywalled/blocked); protocol values are as-reported/standard, NOT PDF-confirmed",,,
★,Physiology / mechanism,Foundational (animal),,Bindman,UK,1964,J Physiol,Prolonged cortical excitability changes from small DC currents (rat),Animal,Classic basis of tDCS,Anodal & cathodal,Cortical surface,—,—,—,—,—,1,☺ Surface-positive DC ↑ / negative ↓ firing for hours,https://pubmed.ncbi.nlm.nih.gov/?term=Bindman%201964%20tDCS,"UNVERIFIED — J Physiol full text not openly accessible to automated fetch (paywalled/blocked); protocol values are as-reported/standard, NOT PDF-confirmed",,,
,Physiology / mechanism,Foundational (animal),,Purpura & McMurtry,USA,1965,J Neurophysiol,Polarizing DC currents modulate cortical neuron activity (cat),Animal,Neuronal polarization mechanism,Anodal & cathodal,Cortical surface,—,—,—,—,—,1,☺ Established polarity-dependent neuronal effects,https://pubmed.ncbi.nlm.nih.gov/?term=Purpura%20%26%20McMurtry%201965%20tDCS,"UNVERIFIED — J Neurophysiol full text not openly accessible to automated fetch (paywalled/blocked); protocol values are as-reported/standard, NOT PDF-confirmed",,,
,Depression,Cognitive outcome,,Martin,Australia,2011,Int J Neuropsychopharmacol,Cognitive effects of tDCS in depression (no impairment),RCT,Loo-group cognition,Anodal,F3 (left DLPFC),F8 (right),2,35,0.057,20,—,☺ No cognitive impairment; safe,https://pubmed.ncbi.nlm.nih.gov/?term=Martin%202011%20tDCS,"UNVERIFIED — Int J Neuropsychopharmacol full text not openly accessible to automated fetch (paywalled/blocked); protocol values are as-reported/standard, NOT PDF-confirmed",,,
,Depression,Elderly,,Aparicio,Brazil,2019,Depress Anxiety,tDCS for late-life depression (sham-controlled pilot),RCT,Older adults,Anodal,F3 (left DLPFC),F4 (right DLPFC),2,25,0.080,30,10,☺ (modest) ↓ depression in elderly,https://pubmed.ncbi.nlm.nih.gov/?term=Aparicio%202019%20tDCS,"UNVERIFIED — Depress Anxiety full text not openly accessible to automated fetch (paywalled/blocked); protocol values are as-reported/standard, NOT PDF-confirmed",,,
,Depression,Cognition,,Nikolin,Australia,2018,Psychol Med,tDCS + cognitive emotional training for depression (cognition),RCT,Loo group,Anodal,F3 (left DLPFC),F8 (right),2,35,0.057,20,—,☺ Safe; no cognitive decline,https://pubmed.ncbi.nlm.nih.gov/?term=Nikolin%202018%20tDCS,"UNVERIFIED — Psychol Med full text not openly accessible to automated fetch (paywalled/blocked); protocol values are as-reported/standard, NOT PDF-confirmed",,,
,Depression,Post-stroke depression,,Valiengo,Brazil,2017,J Neurol Neurosurg Psychiatry,tDCS for post-stroke depression (sham-controlled),RCT (n=48),PSD,Anodal,F3 (left DLPFC),F4 (right DLPFC),2,25,0.080,30,12,☺ ↓ depression vs sham in stroke patients,https://pubmed.ncbi.nlm.nih.gov/?term=Valiengo%202017%20tDCS,"UNVERIFIED — J Neurol Neurosurg Psychiatry full text not openly accessible to automated fetch (paywalled/blocked); protocol values are as-reported/standard, NOT PDF-confirmed",,,
,Depression,Antenatal,,Vigod,Canada,2019,J Affect Disord,tDCS for antenatal depression (open pilot),Pilot,Pregnancy,Anodal,F3 (left DLPFC),F4 (right DLPFC),2,25,0.080,30,15,☺ (modest) Feasible; ↓ symptoms,https://pubmed.ncbi.nlm.nih.gov/?term=Vigod%202019%20tDCS,"UNVERIFIED — J Affect Disord full text not openly accessible to automated fetch (paywalled/blocked); protocol values are as-reported/standard, NOT PDF-confirmed",,,
,Depression,TRD case series,,Palm,Germany,2009,Brain Stimul,Bifrontal tDCS in treatment-resistant depression (series),Case series,Early TRD report,Anodal,F3 (left DLPFC),Right supraorbital,1,35,0.029,20,10,☺ (modest) Symptom improvement in some,https://pubmed.ncbi.nlm.nih.gov/?term=Palm%202009%20tDCS,"UNVERIFIED — Brain Stimul full text not openly accessible to automated fetch (paywalled/blocked); protocol values are as-reported/standard, NOT PDF-confirmed",,,
,Stroke rehab,Skill learning,,Lefebvre,Belgium,2013,Brain,Dual-tDCS improves precision-grip skill learning in chronic stroke,RCT crossover (n=19),Motor skill + retention,Anodal+Cathodal (dual),Ipsilesional M1,Contralesional M1,1,—,—,30,1,☺ ↑ skill learning; retained 1 wk,https://pubmed.ncbi.nlm.nih.gov/?term=Lefebvre%202013%20tDCS,"UNVERIFIED — Brain full text not openly accessible to automated fetch (paywalled/blocked); protocol values are as-reported/standard, NOT PDF-confirmed",,,
,Stroke rehab,Bilateral + robot,,Straudi,Italy,2016,Neural Plast,Bilateral tDCS + robot therapy in subacute stroke,RCT,Combined,Anodal+Cathodal (dual),Ipsilesional M1,Contralesional M1,2,35,0.057,30,10,☺ (modest) ↑ upper-limb function,https://pubmed.ncbi.nlm.nih.gov/?term=Straudi%202016%20tDCS,"UNVERIFIED — Neural Plast full text not openly accessible to automated fetch (paywalled/blocked); protocol values are as-reported/standard, NOT PDF-confirmed",,,
,Stroke rehab,Cathodal + training,,Wu,China,2013,Arch Phys Med Rehabil,Cathodal contralesional tDCS + training in subacute stroke,RCT (n=90),Larger trial,Cathodal,Contralesional M1,Ipsilesional supraorbital,1.2,—,—,20,20,☺ ↑ arm function vs sham,https://pubmed.ncbi.nlm.nih.gov/?term=Wu%202013%20tDCS,"UNVERIFIED — Arch Phys Med Rehabil full text not openly accessible to automated fetch (paywalled/blocked); protocol values are as-reported/standard, NOT PDF-confirmed",,,
,Stroke rehab,SCI motor (robot),,Yozbatiran,USA,2016,Restor Neurol Neurosci,Anodal M1 tDCS + robot arm training in cervical SCI,RCT crossover (n=9),Incomplete SCI,Anodal,M1 (arm area),Contralateral supraorbital,2,—,—,20,—,☺ (modest) ↑ arm strength/function,https://pubmed.ncbi.nlm.nih.gov/?term=Yozbatiran%202016%20tDCS,"UNVERIFIED — Restor Neurol Neurosci full text not openly accessible to automated fetch (paywalled/blocked); protocol values are as-reported/standard, NOT PDF-confirmed",,,
,Aphasia (post-stroke),Conversation,,Campana,Italy,2015,Front Hum Neurosci,Bihemispheric tDCS improves conversational content in chronic aphasia,RCT crossover (n=20),Marangolo group,Anodal / cathodal,Left frontal / right,Contralateral,2,—,—,20,15,☺ ↑ discourse informativeness,https://pubmed.ncbi.nlm.nih.gov/?term=Campana%202015%20tDCS,"UNVERIFIED — Front Hum Neurosci full text not openly accessible to automated fetch (paywalled/blocked); protocol values are as-reported/standard, NOT PDF-confirmed",,,
,Aphasia (post-stroke),Subacute (RCT),,Polanowska,Poland,2013,Restor Neurol Neurosci,Anodal tDCS + naming therapy in subacute aphasia,RCT (n=37),Subacute,Anodal,Left frontal,Right supraorbital,1,—,—,10,15,☺ (modest) ↑ naming early; converges later,https://pubmed.ncbi.nlm.nih.gov/?term=Polanowska%202013%20tDCS,"UNVERIFIED — Restor Neurol Neurosci full text not openly accessible to automated fetch (paywalled/blocked); protocol values are as-reported/standard, NOT PDF-confirmed",,,
,Cognition (healthy),WM (older adults),,Berryhill,USA,2011,Neurosci Lett,Anodal DLPFC tDCS improves WM in high-education older adults,Healthy elderly,Individual differences,Anodal,F3 / F4 (DLPFC),Contralateral cheek,1.5,35,0.043,10,1,☺ ↑ WM in higher-functioning elderly,https://pubmed.ncbi.nlm.nih.gov/?term=Berryhill%202011%20tDCS,"UNVERIFIED — Neurosci Lett full text not openly accessible to automated fetch (paywalled/blocked); protocol values are as-reported/standard, NOT PDF-confirmed",,,
,Cognition (healthy),Creativity,,Chrysikou,USA,2013,Cogn Neurosci,Cathodal prefrontal tDCS improves flexible tool use,Healthy,'Less-is-more' effect,Cathodal,Left PFC,Right cheek,1.5,35,0.043,—,1,☺ Cathodal PFC ↑ flexible/creative use,https://pubmed.ncbi.nlm.nih.gov/?term=Chrysikou%202013%20tDCS,"UNVERIFIED — Cogn Neurosci full text not openly accessible to automated fetch (paywalled/blocked); protocol values are as-reported/standard, NOT PDF-confirmed",,,
,Cognition (healthy),Semantic,,Weiss & Lavidor,Israel,2012,J Cogn Neurosci,Cathodal posterior tDCS enhances remote associates,Healthy,Convergent thinking,Cathodal,Right posterior temporal,Contralateral,1.5,35,0.043,—,1,☺ ↑ semantic integration,https://pubmed.ncbi.nlm.nih.gov/?term=Weiss%20%26%20Lavidor%202012%20tDCS,"UNVERIFIED — J Cogn Neurosci full text not openly accessible to automated fetch (paywalled/blocked); protocol values are as-reported/standard, NOT PDF-confirmed",,,
,Cognition (healthy),WM (lateralized),,Meiron,Israel,2013,Neuroscience,Right vs left DLPFC tDCS and working-memory load,Healthy,Load-dependent,Anodal,Left or right DLPFC,Contralateral supraorbital,1.5,35,0.043,—,1,☺ ↑ WM; hemisphere & load dependent,https://pubmed.ncbi.nlm.nih.gov/?term=Meiron%202013%20tDCS,"UNVERIFIED — Neuroscience full text not openly accessible to automated fetch (paywalled/blocked); protocol values are as-reported/standard, NOT PDF-confirmed",,,
,Cognition (healthy),WM (load),,Gill,USA,2015,Brain Stimul,tDCS WM gains depend on task difficulty,Healthy,Higher load benefits more,Anodal,F3 (left DLPFC),Right supraorbital,2,35,0.057,15,1,☺ ↑ WM most under high load,https://pubmed.ncbi.nlm.nih.gov/?term=Gill%202015%20tDCS,"UNVERIFIED — Brain Stimul full text not openly accessible to automated fetch (paywalled/blocked); protocol values are as-reported/standard, NOT PDF-confirmed",,,
,Motor learning (healthy),Cerebellar,,Cantarero,USA,2015,J Neurosci,Cerebellar tDCS enhances motor-skill acquisition & consolidation,Healthy,Cerebellum target,Anodal,Cerebellum,Buccinator,2,25,0.080,—,3,☺ ↑ skill acquisition & retention,https://pubmed.ncbi.nlm.nih.gov/?term=Cantarero%202015%20tDCS,"UNVERIFIED — J Neurosci full text not openly accessible to automated fetch (paywalled/blocked); protocol values are as-reported/standard, NOT PDF-confirmed",,,
,Motor learning (healthy),Site comparison,,Kantak,USA,2012,Behav Brain Res,M1 vs DLPFC tDCS effects on motor learning & retention,Healthy,Site-dependent,Anodal,M1 / DLPFC,Contralateral supraorbital,1,25,0.040,—,1,☺ M1 ↑ retention; PFC ↑ acquisition,https://pubmed.ncbi.nlm.nih.gov/?term=Kantak%202012%20tDCS,"UNVERIFIED — Behav Brain Res full text not openly accessible to automated fetch (paywalled/blocked); protocol values are as-reported/standard, NOT PDF-confirmed",,,
,Chronic pain,Trigeminal neuralgia,,Hagenacker,Germany,2014,J Headache Pain,Anodal M1 tDCS reduces trigeminal neuralgia pain,Open (n=10),Cranial neuralgia,Anodal,M1 (face area),Contralateral supraorbital,1,35,0.029,20,14,☺ ↓ pain intensity/attacks,https://pubmed.ncbi.nlm.nih.gov/?term=Hagenacker%202014%20tDCS,"UNVERIFIED — J Headache Pain full text not openly accessible to automated fetch (paywalled/blocked); protocol values are as-reported/standard, NOT PDF-confirmed",,,
,Chronic pain,SCI pain (null),,Wrigley,Australia,2013,Pain,Anodal M1 tDCS for neuropathic SCI pain (no benefit),RCT (n=10),Valid negative,Anodal,M1 (C3/C4),Contralateral supraorbital,2,35,0.057,20,5,☹ No significant pain reduction,https://pubmed.ncbi.nlm.nih.gov/?term=Wrigley%202013%20tDCS,"UNVERIFIED — Pain full text not openly accessible to automated fetch (paywalled/blocked); protocol values are as-reported/standard, NOT PDF-confirmed",,,
,Chronic pain,Knee osteoarthritis,,Kim,South Korea,2013,Clin J Pain,Anodal M1 tDCS for knee-osteoarthritis pain,RCT,Older adults,Anodal,M1 (knee area),Contralateral supraorbital,2,35,0.057,20,—,☺ (modest) ↓ pain,https://pubmed.ncbi.nlm.nih.gov/?term=Kim%202013%20tDCS,"UNVERIFIED — Clin J Pain full text not openly accessible to automated fetch (paywalled/blocked); protocol values are as-reported/standard, NOT PDF-confirmed",,,
,Chronic pain,SCI pain (HD),,Harvey,Canada,2018,Clin J Pain,HD-tDCS of M1 for neuropathic pain after SCI,RCT,HD montage,Anodal,M1 (C3/C4) 4×1,4× surround,2,HD 4×1,—,20,5,☹/☺ Mixed / modest analgesia,https://pubmed.ncbi.nlm.nih.gov/?term=Harvey%202018%20tDCS,"UNVERIFIED — Clin J Pain full text not openly accessible to automated fetch (paywalled/blocked); protocol values are as-reported/standard, NOT PDF-confirmed",,,
,Parkinson's disease,Freezing of gait,,Valentino,Italy,2014,Mov Disord,Anodal M1 (leg) tDCS reduces freezing of gait in PD,RCT crossover (n=10),FOG target,Anodal,M1 (leg area),Contralateral supraorbital,2,35,0.057,20,5,☺ ↓ freezing episodes,https://pubmed.ncbi.nlm.nih.gov/?term=Valentino%202014%20tDCS,"UNVERIFIED — Mov Disord full text not openly accessible to automated fetch (paywalled/blocked); protocol values are as-reported/standard, NOT PDF-confirmed",,,
,Parkinson's disease,Multitarget FOG,,Dagan,Israel,2018,Mov Disord,Simultaneous M1 + DLPFC HD-tDCS for freezing of gait,RCT crossover (n=20),Multitarget HD,Anodal,M1 + DLPFC (multifocal),Multifocal,2,HD multi,—,20,1,☺ Multitarget > single for FOG & cognition,https://pubmed.ncbi.nlm.nih.gov/?term=Dagan%202018%20tDCS,"UNVERIFIED — Mov Disord full text not openly accessible to automated fetch (paywalled/blocked); protocol values are as-reported/standard, NOT PDF-confirmed",,,
,Parkinson's disease,Gait,,Schabrun,Australia,2016,PLoS One,Anodal M1 tDCS + gait training in Parkinson's,RCT (n=16),Combined,Anodal,M1 (leg area),Contralateral supraorbital,2,35,0.057,20,9,☹/☺ ↑ some measures; no clear gait benefit,https://pubmed.ncbi.nlm.nih.gov/?term=Schabrun%202016%20tDCS,"UNVERIFIED — PLoS One full text not openly accessible to automated fetch (paywalled/blocked); protocol values are as-reported/standard, NOT PDF-confirmed",,,
,Schizophrenia,Hallucinations/delusions,,Vercammen,Netherlands,2011,Schizophr Res,Bifrontal tDCS and auditory hallucinations/delusions,RCT,Bifrontal,Anodal,F3 (left DLPFC),Right supraorbital,2,35,0.057,—,—,☹/☺ Limited effect on hallucinations,https://pubmed.ncbi.nlm.nih.gov/?term=Vercammen%202011%20tDCS,"UNVERIFIED — Schizophr Res full text not openly accessible to automated fetch (paywalled/blocked); protocol values are as-reported/standard, NOT PDF-confirmed",,,
,Schizophrenia,Hallucinations,,Bose,India,2018,Schizophr Res,Fronto-temporal tDCS for persistent auditory hallucinations,RCT,Replication,Anodal + cathodal,Left DLPFC (F3),Left temporoparietal,2,35,0.057,20,10,☺ ↓ hallucination severity,https://pubmed.ncbi.nlm.nih.gov/?term=Bose%202018%20tDCS,"UNVERIFIED — Schizophr Res full text not openly accessible to automated fetch (paywalled/blocked); protocol values are as-reported/standard, NOT PDF-confirmed",,,
,Addiction / craving,Smoking (single),,Falcone,USA,2016,Drug Alcohol Depend,Single-session DLPFC tDCS and smoking behaviour,RCT (n=25),Acute abstinence,Anodal,Left DLPFC (F3),Right supraorbital,1,35,0.029,20,1,☺ (modest) ↓ smoking / ↑ latency,https://pubmed.ncbi.nlm.nih.gov/?term=Falcone%202016%20tDCS,"UNVERIFIED — Drug Alcohol Depend full text not openly accessible to automated fetch (paywalled/blocked); protocol values are as-reported/standard, NOT PDF-confirmed",,,
,Addiction / craving,Smoking (craving),,Mondino,France,2015,Brain Stimul,Fronto-temporo-parietal tDCS reduces cigarette craving,Crossover,Craving outcome,Anodal,Left DLPFC (F3),Right temporoparietal,2,35,0.057,20,1,☺ ↓ craving vs sham,https://pubmed.ncbi.nlm.nih.gov/?term=Mondino%202015%20tDCS,"UNVERIFIED — Brain Stimul full text not openly accessible to automated fetch (paywalled/blocked); protocol values are as-reported/standard, NOT PDF-confirmed",,,
,Addiction / craving,Alcohol,,Vitor de Souza Brangioni,Brazil,2018,Alcohol Alcohol,Repeated bilateral DLPFC tDCS in alcohol dependence,RCT,Cognition/relapse,Anodal R / cathodal L,Right DLPFC (F4),Left DLPFC (F3),2,35,0.057,20,5,☺ (modest) ↑ cognition / craving change,https://pubmed.ncbi.nlm.nih.gov/?term=Vitor%20de%20Souza%20Brangioni%202018%20tDCS,"UNVERIFIED — Alcohol Alcohol full text not openly accessible to automated fetch (paywalled/blocked); protocol values are as-reported/standard, NOT PDF-confirmed",,,
,Epilepsy,Refractory (RCT),,Karvigh,Iran,2017,Epilepsy Behav,Cathodal tDCS for refractory epilepsy (sham-controlled),RCT,Multiple sessions,Cathodal,Epileptogenic focus,Contralateral,2,35,0.057,20,5,☺ ↓ seizure frequency,https://pubmed.ncbi.nlm.nih.gov/?term=Karvigh%202017%20tDCS,"UNVERIFIED — Epilepsy Behav full text not openly accessible to automated fetch (paywalled/blocked); protocol values are as-reported/standard, NOT PDF-confirmed",,,
,Epilepsy,Temporal lobe,,Zoghi,Australia,2016,Epilepsia Open,Cathodal tDCS for drug-resistant temporal-lobe epilepsy (pilot),RCT,Pilot,Cathodal,Temporal focus,Contralateral,1,35,0.029,20,—,☺ (modest) ↓ seizures/discharges,https://pubmed.ncbi.nlm.nih.gov/?term=Zoghi%202016%20tDCS,"UNVERIFIED — Epilepsia Open full text not openly accessible to automated fetch (paywalled/blocked); protocol values are as-reported/standard, NOT PDF-confirmed",,,
,ADHD,Sleep/slow-osc,,Munz,Germany,2015,Front Cell Neurosci,Slow-oscillating tDCS in sleep improves memory/behaviour in ADHD children,Crossover,so-tDCS in SWS,Anodal (oscillating),Bilateral frontal,Mastoids,0.517,—,—,—,1,☺ ↑ memory; ↓ inattention next day,https://pubmed.ncbi.nlm.nih.gov/?term=Munz%202015%20tDCS,"UNVERIFIED — Front Cell Neurosci full text not openly accessible to automated fetch (paywalled/blocked); protocol values are as-reported/standard, NOT PDF-confirmed",,,
,ADHD,WM (children),,Sotnikova,Germany,2017,Brain Topogr,Anodal DLPFC tDCS improves WM & EEG in ADHD children,Crossover,EEG markers,Anodal,F3 (left DLPFC),Right supraorbital,1,35,0.029,20,1,☺ ↑ WM; modulated theta/alpha,https://pubmed.ncbi.nlm.nih.gov/?term=Sotnikova%202017%20tDCS,"UNVERIFIED — Brain Topogr full text not openly accessible to automated fetch (paywalled/blocked); protocol values are as-reported/standard, NOT PDF-confirmed",,,
,Autism,Behaviour (large),,Gómez,Cuba,2017,Brain Stimul,Anodal left-DLPFC tDCS in children with autism (large sample),Controlled,Large cohort,Anodal,F3 (left DLPFC),Right supraorbital,1,35,0.029,20,20,☺ ↓ autism-symptom scores,https://pubmed.ncbi.nlm.nih.gov/?term=G%C3%B3mez%202017%20tDCS,"UNVERIFIED — Brain Stimul full text not openly accessible to automated fetch (paywalled/blocked); protocol values are as-reported/standard, NOT PDF-confirmed",,,
,Tinnitus,Auditory cortex,,Vanneste,Belgium,2011,Neurosci Lett,Auditory-cortex tDCS for tinnitus (an/cathodal),Crossover,Temporoparietal target,Anodal & cathodal,Auditory cortex (temporoparietal),Contralateral,1.5,35,0.043,—,1,☺ (modest) Transient suppression in subset,https://pubmed.ncbi.nlm.nih.gov/?term=Vanneste%202011%20tDCS,"UNVERIFIED — Neurosci Lett full text not openly accessible to automated fetch (paywalled/blocked); protocol values are as-reported/standard, NOT PDF-confirmed",,,
,Tinnitus,Bifrontal (RCT),,Forogh,Iran,2016,Neurol Sci,Bifrontal tDCS reduces tinnitus loudness/annoyance,RCT,5 sessions,Anodal R / cathodal L,Right DLPFC,Left DLPFC,2,35,0.057,20,5,☺ ↓ tinnitus loudness & annoyance,https://pubmed.ncbi.nlm.nih.gov/?term=Forogh%202016%20tDCS,"UNVERIFIED — Neurol Sci full text not openly accessible to automated fetch (paywalled/blocked); protocol values are as-reported/standard, NOT PDF-confirmed",,,
,MCI,Training,,Lu,China,2019,Brain Stimul,Anodal DLPFC tDCS + cognitive training in amnestic MCI,RCT,Combined,Anodal,Left DLPFC (F3),Right supraorbital,2,35,0.057,20,10,☺ ↑ cognition vs training-alone,https://pubmed.ncbi.nlm.nih.gov/?term=Lu%202019%20tDCS,"UNVERIFIED — Brain Stimul full text not openly accessible to automated fetch (paywalled/blocked); protocol values are as-reported/standard, NOT PDF-confirmed",,,
,Alzheimer's / dementia,Follow-up,,Khedr,Egypt,2019,Neurophysiol Clin,Repeated anodal DLPFC tDCS in AD (extended follow-up),RCT,Extended course,Anodal,Left DLPFC (F3),Contralateral supraorbital,2,35,0.057,20,10,☺ ↑ cognition; benefit persisted,https://pubmed.ncbi.nlm.nih.gov/?term=Khedr%202019%20tDCS,"UNVERIFIED — Neurophysiol Clin full text not openly accessible to automated fetch (paywalled/blocked); protocol values are as-reported/standard, NOT PDF-confirmed",,,
,Multiple sclerosis,Pain,,Ayache,France,2016,Eur J Pain,Anodal M1 tDCS reduces chronic pain in multiple sclerosis,Crossover (n=16),MS neuropathic pain,Anodal,M1 (C3/C4),Contralateral supraorbital,2,35,0.057,20,3,☺ ↓ pain vs sham,https://pubmed.ncbi.nlm.nih.gov/?term=Ayache%202016%20tDCS,"UNVERIFIED — Eur J Pain full text not openly accessible to automated fetch (paywalled/blocked); protocol values are as-reported/standard, NOT PDF-confirmed",,,
,Multiple sclerosis,Fatigue (null),,Hanken,Germany,2016,Front Neurol,Anodal parietal tDCS for MS fatigue (no benefit),RCT,Valid negative,Anodal,Parietal cortex,Contralateral,1,35,0.029,—,—,☹ No significant fatigue reduction,https://pubmed.ncbi.nlm.nih.gov/?term=Hanken%202016%20tDCS,"UNVERIFIED — Front Neurol full text not openly accessible to automated fetch (paywalled/blocked); protocol values are as-reported/standard, NOT PDF-confirmed",,,
,Dysphagia (stroke),Subacute (RCT),,Pingue,Italy,2018,Dysphagia,Bihemispheric pharyngeal tDCS for severe post-stroke dysphagia,RCT (n=40),Bilateral,Anodal (bilateral),Bilateral pharyngeal motor cortex,—,2,—,—,30,10,☺ ↑ swallowing vs sham,https://pubmed.ncbi.nlm.nih.gov/?term=Pingue%202018%20tDCS,"UNVERIFIED — Dysphagia full text not openly accessible to automated fetch (paywalled/blocked); protocol values are as-reported/standard, NOT PDF-confirmed",,,
,OCD,Home RCT,,Fineberg,UK,2023,Compr Psychiatry,Home-based tDCS for OCD (feasibility RCT),RCT,Home; OFC/SMA,Cathodal,OFC / pre-SMA,Contralateral,2,35,0.057,20,—,☺ Feasible; ↓ symptoms in subset,https://pubmed.ncbi.nlm.nih.gov/?term=Fineberg%202023%20tDCS,"UNVERIFIED — Compr Psychiatry full text not openly accessible to automated fetch (paywalled/blocked); protocol values are as-reported/standard, NOT PDF-confirmed",,,
,PTSD,DLPFC RCT,,Ahmadizadeh,Iran,2018,Brain Res Bull,Anodal/dual DLPFC tDCS for combat-related PTSD,RCT (n=90),Larger PTSD RCT,Anodal,Right DLPFC (F4),Left DLPFC,2,35,0.057,20,10,☺ ↓ PTSD symptoms vs sham,https://pubmed.ncbi.nlm.nih.gov/?term=Ahmadizadeh%202018%20tDCS,"UNVERIFIED — Brain Res Bull full text not openly accessible to automated fetch (paywalled/blocked); protocol values are as-reported/standard, NOT PDF-confirmed",,,
,Traumatic brain injury,Cognition,,Lesniak,Poland,2014,J Head Trauma Rehabil,Anodal DLPFC tDCS + cognitive rehab after TBI,RCT (n=23),Cognitive rehab adjunct,Anodal,F3 (left DLPFC),Right supraorbital,1,35,0.029,10,15,☹/☺ ↑ some attention measures; modest overall,https://pubmed.ncbi.nlm.nih.gov/?term=Lesniak%202014%20tDCS,"UNVERIFIED — J Head Trauma Rehabil full text not openly accessible to automated fetch (paywalled/blocked); protocol values are as-reported/standard, NOT PDF-confirmed",,,
